album_id,title
1,Golden Hour
2,Ocean Waves
3,Neon Nights
4,Electric Dreams
5,Midnight City
6,Starlight Symphony
7,Dancing in the Moonlight
8,Starlight Symphony
9,Dancing in the Moonlight
10,Midnight City
11,Sunset Serenade
12,Midnight City
13,Twilight Tango
14,Starlight Symphony
15,Sunset Serenade
16,Golden Hour
17,Summer Breeze
18,Electric Dreams
19,Electric Dreams
20,Electric Dreams
21,Electric Dreams
22,Neon Nights
23,Midnight City
24,Twilight Tango
25,Ocean Waves
26,Sunset Serenade
27,Electric Dreams
28,Starlight Symphony
29,Sunset Serenade
30,Neon Nights
31,Midnight City
32,Electric Dreams
33,Midnight City
34,Twilight Tango
35,Sunset Serenade
36,Ocean Waves
37,Sunset Serenade
38,Dancing in the Moonlight
39,Dancing in the Moonlight
40,Ocean Waves
41,Summer Breeze
42,Golden Hour
43,Midnight City
44,Dancing in the Moonlight
45,Starlight Symphony
46,Sunset Serenade
47,Golden Hour
48,Electric Dreams
49,Electric Dreams
50,Sunset Serenade
51,Summer Breeze
52,Summer Breeze
53,Twilight Tango
54,Sunset Serenade
55,Starlight Symphony
56,Neon Nights
57,Sunset Serenade
58,Sunset Serenade
59,Neon Nights
60,Dancing in the Moonlight
61,Twilight Tango
62,Starlight Symphony
63,Twilight Tango
64,Sunset Serenade
65,Ocean Waves
66,Summer Breeze
67,Ocean Waves
68,Starlight Symphony
69,Neon Nights
70,Electric Dreams
71,Summer Breeze
72,Ocean Waves
73,Summer Breeze
74,Ocean Waves
75,Neon Nights
76,Electric Dreams
77,Golden Hour
78,Summer Breeze
79,Sunset Serenade
80,Midnight City
81,Electric Dreams
82,Neon Nights
83,Midnight City
84,Ocean Waves
85,Golden Hour
86,Golden Hour
87,Starlight Symphony
88,Twilight Tango
89,Neon Nights
90,Neon Nights
91,Sunset Serenade
92,Golden Hour
93,Neon Nights
94,Summer Breeze
95,Dancing in the Moonlight
96,Starlight Symphony
97,Golden Hour
98,Ocean Waves
99,Ocean Waves
100,Midnight City
101,Electric Dreams
102,Dancing in the Moonlight
103,Sunset Serenade
104,Neon Nights
105,Summer Breeze
106,Golden Hour
107,Dancing in the Moonlight
108,Midnight City
109,Electric Dreams
110,Golden Hour
111,Electric Dreams
112,Electric Dreams
113,Electric Dreams
114,Golden Hour
115,Dancing in the Moonlight
116,Dancing in the Moonlight
117,Neon Nights
118,Ocean Waves
119,Midnight City
120,Electric Dreams
121,Neon Nights
122,Twilight Tango
123,Golden Hour
124,Summer Breeze
125,Golden Hour
126,Dancing in the Moonlight
127,Twilight Tango
128,Golden Hour
129,Ocean Waves
130,Twilight Tango
131,Midnight City
132,Golden Hour
133,Electric Dreams
134,Twilight Tango
135,Midnight City
136,Dancing in the Moonlight
137,Summer Breeze
138,Golden Hour
139,Sunset Serenade
140,Ocean Waves
141,Sunset Serenade
142,Midnight City
143,Neon Nights
144,Electric Dreams
145,Twilight Tango
146,Starlight Symphony
147,Golden Hour
148,Summer Breeze
149,Sunset Serenade
150,Summer Breeze
151,Electric Dreams
152,Starlight Symphony
153,Twilight Tango
154,Neon Nights
155,Neon Nights
156,Sunset Serenade
157,Electric Dreams
158,Ocean Waves
159,Golden Hour
160,Golden Hour
161,Midnight City
162,Ocean Waves
163,Sunset Serenade
164,Summer Breeze
165,Sunset Serenade
166,Starlight Symphony
167,Sunset Serenade
168,Sunset Serenade
169,Ocean Waves
170,Golden Hour
171,Golden Hour
172,Golden Hour
173,Electric Dreams
174,Starlight Symphony
175,Golden Hour
176,Golden Hour
177,Sunset Serenade
178,Summer Breeze
179,Summer Breeze
180,Ocean Waves
181,Ocean Waves
182,Neon Nights
183,Golden Hour
184,Electric Dreams
185,Electric Dreams
186,Starlight Symphony
187,Midnight City
188,Ocean Waves
189,Summer Breeze
190,Neon Nights
191,Twilight Tango
192,Starlight Symphony
193,Twilight Tango
194,Twilight Tango
195,Neon Nights
196,Starlight Symphony
197,Starlight Symphony
198,Golden Hour
199,Golden Hour
200,Twilight Tango
201,Sunset Serenade
202,Summer Breeze
203,Dancing in the Moonlight
204,Summer Breeze
205,Dancing in the Moonlight
206,Ocean Waves
207,Ocean Waves
208,Ocean Waves
209,Sunset Serenade
210,Midnight City
211,Twilight Tango
212,Ocean Waves
213,Golden Hour
214,Golden Hour
215,Sunset Serenade
216,Electric Dreams
217,Electric Dreams
218,Summer Breeze
219,Ocean Waves
220,Ocean Waves
221,Sunset Serenade
222,Starlight Symphony
223,Neon Nights
224,Sunset Serenade
225,Dancing in the Moonlight
226,Twilight Tango
227,Electric Dreams
228,Neon Nights
229,Dancing in the Moonlight
230,Electric Dreams
231,Neon Nights
232,Twilight Tango
233,Ocean Waves
234,Midnight City
235,Electric Dreams
236,Golden Hour
237,Summer Breeze
238,Midnight City
239,Sunset Serenade
240,Dancing in the Moonlight
241,Sunset Serenade
242,Summer Breeze
243,Sunset Serenade
244,Ocean Waves
245,Twilight Tango
246,Electric Dreams
247,Electric Dreams
248,Golden Hour
249,Electric Dreams
250,Summer Breeze
251,Golden Hour
252,Electric Dreams
253,Neon Nights
254,Midnight City
255,Summer Breeze
256,Sunset Serenade
257,Golden Hour
258,Neon Nights
259,Golden Hour
260,Summer Breeze
261,Dancing in the Moonlight
262,Electric Dreams
263,Golden Hour
264,Midnight City
265,Twilight Tango
266,Golden Hour
267,Electric Dreams
268,Twilight Tango
269,Starlight Symphony
270,Ocean Waves
271,Starlight Symphony
272,Starlight Symphony
273,Neon Nights
274,Electric Dreams
275,Starlight Symphony
276,Golden Hour
277,Midnight City
278,Twilight Tango
279,Twilight Tango
280,Midnight City
281,Sunset Serenade
282,Neon Nights
283,Summer Breeze
284,Starlight Symphony
285,Neon Nights
286,Golden Hour
287,Dancing in the Moonlight
288,Sunset Serenade
289,Summer Breeze
290,Sunset Serenade
291,Sunset Serenade
292,Starlight Symphony
293,Midnight City
294,Dancing in the Moonlight
295,Electric Dreams
296,Golden Hour
297,Golden Hour
298,Neon Nights
299,Electric Dreams
300,Midnight City
301,Starlight Symphony
302,Sunset Serenade
303,Sunset Serenade
304,Electric Dreams
305,Neon Nights
306,Sunset Serenade
307,Starlight Symphony
308,Golden Hour
309,Electric Dreams
310,Golden Hour
311,Golden Hour
312,Sunset Serenade
313,Golden Hour
314,Midnight City
315,Sunset Serenade
316,Ocean Waves
317,Midnight City
318,Twilight Tango
319,Starlight Symphony
320,Dancing in the Moonlight
321,Twilight Tango
322,Starlight Symphony
323,Midnight City
324,Dancing in the Moonlight
325,Midnight City
326,Summer Breeze
327,Sunset Serenade
328,Golden Hour
329,Golden Hour
330,Starlight Symphony
331,Starlight Symphony
332,Sunset Serenade
333,Sunset Serenade
334,Neon Nights
335,Midnight City
336,Midnight City
337,Starlight Symphony
338,Twilight Tango
339,Ocean Waves
340,Starlight Symphony
341,Twilight Tango
342,Sunset Serenade
343,Dancing in the Moonlight
344,Summer Breeze
345,Neon Nights
346,Dancing in the Moonlight
347,Electric Dreams
348,Sunset Serenade
349,Starlight Symphony
350,Dancing in the Moonlight
351,Summer Breeze
352,Twilight Tango
353,Sunset Serenade
354,Midnight City
355,Ocean Waves
356,Electric Dreams
357,Neon Nights
358,Golden Hour
359,Neon Nights
360,Midnight City
361,Electric Dreams
362,Sunset Serenade
363,Starlight Symphony
364,Midnight City
365,Midnight City
366,Neon Nights
367,Dancing in the Moonlight
368,Golden Hour
369,Midnight City
370,Neon Nights
371,Neon Nights
372,Electric Dreams
373,Electric Dreams
374,Dancing in the Moonlight
375,Ocean Waves
376,Electric Dreams
377,Starlight Symphony
378,Summer Breeze
379,Ocean Waves
380,Neon Nights
381,Dancing in the Moonlight
382,Golden Hour
383,Midnight City
384,Summer Breeze
385,Dancing in the Moonlight
386,Starlight Symphony
387,Midnight City
388,Sunset Serenade
389,Sunset Serenade
390,Twilight Tango
391,Golden Hour
392,Starlight Symphony
393,Midnight City
394,Twilight Tango
395,Dancing in the Moonlight
396,Summer Breeze
397,Neon Nights
398,Ocean Waves
399,Dancing in the Moonlight
400,Summer Breeze
401,Electric Dreams
402,Ocean Waves
403,Neon Nights
404,Starlight Symphony
405,Neon Nights
406,Sunset Serenade
407,Electric Dreams
408,Starlight Symphony
409,Dancing in the Moonlight
410,Neon Nights
411,Ocean Waves
412,Sunset Serenade
413,Midnight City
414,Golden Hour
415,Summer Breeze
416,Golden Hour
417,Ocean Waves
418,Twilight Tango
419,Twilight Tango
420,Electric Dreams
421,Summer Breeze
422,Electric Dreams
423,Twilight Tango
424,Summer Breeze
425,Midnight City
426,Midnight City
427,Midnight City
428,Twilight Tango
429,Neon Nights
430,Golden Hour
431,Twilight Tango
432,Summer Breeze
433,Dancing in the Moonlight
434,Starlight Symphony
435,Starlight Symphony
436,Summer Breeze
437,Electric Dreams
438,Golden Hour
439,Midnight City
440,Electric Dreams
441,Electric Dreams
442,Ocean Waves
443,Sunset Serenade
444,Ocean Waves
445,Twilight Tango
446,Summer Breeze
447,Ocean Waves
448,Electric Dreams
449,Summer Breeze
450,Golden Hour
451,Twilight Tango
452,Dancing in the Moonlight
453,Ocean Waves
454,Dancing in the Moonlight
455,Dancing in the Moonlight
456,Neon Nights
457,Neon Nights
458,Starlight Symphony
459,Electric Dreams
460,Golden Hour
461,Golden Hour
462,Summer Breeze
463,Twilight Tango
464,Starlight Symphony
465,Summer Breeze
466,Golden Hour
467,Ocean Waves
468,Twilight Tango
469,Electric Dreams
470,Starlight Symphony
471,Summer Breeze
472,Summer Breeze
473,Midnight City
474,Dancing in the Moonlight
475,Electric Dreams
476,Ocean Waves
477,Electric Dreams
478,Midnight City
479,Dancing in the Moonlight
480,Dancing in the Moonlight
481,Ocean Waves
482,Summer Breeze
483,Sunset Serenade
484,Summer Breeze
485,Midnight City
486,Neon Nights
487,Twilight Tango
488,Dancing in the Moonlight
489,Starlight Symphony
490,Golden Hour
491,Sunset Serenade
492,Starlight Symphony
493,Twilight Tango
494,Midnight City
495,Twilight Tango
496,Starlight Symphony
497,Electric Dreams
498,Summer Breeze
499,Summer Breeze
500,Dancing in the Moonlight
501,Summer Breeze
502,Golden Hour
503,Neon Nights
504,Dancing in the Moonlight
505,Golden Hour
506,Golden Hour
507,Twilight Tango
508,Ocean Waves
509,Starlight Symphony
510,Electric Dreams
511,Summer Breeze
512,Sunset Serenade
513,Dancing in the Moonlight
514,Golden Hour
515,Twilight Tango
516,Ocean Waves
517,Ocean Waves
518,Neon Nights
519,Summer Breeze
520,Summer Breeze
521,Summer Breeze
522,Ocean Waves
523,Neon Nights
524,Sunset Serenade
525,Midnight City
526,Electric Dreams
527,Dancing in the Moonlight
528,Summer Breeze
529,Electric Dreams
530,Twilight Tango
531,Dancing in the Moonlight
532,Electric Dreams
533,Dancing in the Moonlight
534,Twilight Tango
535,Sunset Serenade
536,Summer Breeze
537,Sunset Serenade
538,Starlight Symphony
539,Golden Hour
540,Golden Hour
541,Midnight City
542,Sunset Serenade
543,Ocean Waves
544,Midnight City
545,Electric Dreams
546,Golden Hour
547,Neon Nights
548,Electric Dreams
549,Ocean Waves
550,Golden Hour
551,Golden Hour
552,Twilight Tango
553,Dancing in the Moonlight
554,Twilight Tango
555,Twilight Tango
556,Summer Breeze
557,Starlight Symphony
558,Dancing in the Moonlight
559,Summer Breeze
560,Neon Nights
561,Midnight City
562,Summer Breeze
563,Ocean Waves
564,Twilight Tango
565,Neon Nights
566,Golden Hour
567,Electric Dreams
568,Neon Nights
569,Starlight Symphony
570,Summer Breeze
571,Midnight City
572,Midnight City
573,Summer Breeze
574,Sunset Serenade
575,Midnight City
576,Dancing in the Moonlight
577,Midnight City
578,Starlight Symphony
579,Electric Dreams
580,Summer Breeze
581,Summer Breeze
582,Starlight Symphony
583,Neon Nights
584,Ocean Waves
585,Midnight City
586,Twilight Tango
587,Twilight Tango
588,Dancing in the Moonlight
589,Twilight Tango
590,Midnight City
591,Dancing in the Moonlight
592,Sunset Serenade
593,Midnight City
594,Sunset Serenade
595,Electric Dreams
596,Summer Breeze
597,Midnight City
598,Electric Dreams
599,Electric Dreams
600,Summer Breeze
601,Golden Hour
602,Ocean Waves
603,Electric Dreams
604,Dancing in the Moonlight
605,Dancing in the Moonlight
606,Neon Nights
607,Sunset Serenade
608,Electric Dreams
609,Twilight Tango
610,Electric Dreams
611,Neon Nights
612,Summer Breeze
613,Neon Nights
614,Ocean Waves
615,Twilight Tango
616,Summer Breeze
617,Summer Breeze
618,Electric Dreams
619,Neon Nights
620,Golden Hour
621,Ocean Waves
622,Golden Hour
623,Electric Dreams
624,Dancing in the Moonlight
625,Twilight Tango
626,Dancing in the Moonlight
627,Sunset Serenade
628,Twilight Tango
629,Sunset Serenade
630,Neon Nights
631,Golden Hour
632,Electric Dreams
633,Summer Breeze
634,Golden Hour
635,Electric Dreams
636,Starlight Symphony
637,Starlight Symphony
638,Twilight Tango
639,Twilight Tango
640,Starlight Symphony
641,Sunset Serenade
642,Summer Breeze
643,Electric Dreams
644,Midnight City
645,Neon Nights
646,Midnight City
647,Midnight City
648,Electric Dreams
649,Twilight Tango
650,Twilight Tango
651,Ocean Waves
652,Starlight Symphony
653,Electric Dreams
654,Midnight City
655,Starlight Symphony
656,Summer Breeze
657,Electric Dreams
658,Neon Nights
659,Summer Breeze
660,Dancing in the Moonlight
661,Sunset Serenade
662,Electric Dreams
663,Starlight Symphony
664,Twilight Tango
665,Neon Nights
666,Midnight City
667,Sunset Serenade
668,Dancing in the Moonlight
669,Ocean Waves
670,Midnight City
671,Dancing in the Moonlight
672,Ocean Waves
673,Neon Nights
674,Starlight Symphony
675,Summer Breeze
676,Dancing in the Moonlight
677,Sunset Serenade
678,Electric Dreams
679,Sunset Serenade
680,Sunset Serenade
681,Ocean Waves
682,Neon Nights
683,Twilight Tango
684,Golden Hour
685,Electric Dreams
686,Sunset Serenade
687,Ocean Waves
688,Twilight Tango
689,Midnight City
690,Ocean Waves
691,Midnight City
692,Summer Breeze
693,Electric Dreams
694,Starlight Symphony
695,Neon Nights
696,Ocean Waves
697,Summer Breeze
698,Sunset Serenade
699,Twilight Tango
700,Dancing in the Moonlight
701,Neon Nights
702,Ocean Waves
703,Sunset Serenade
704,Summer Breeze
705,Twilight Tango
706,Neon Nights
707,Golden Hour
708,Ocean Waves
709,Ocean Waves
710,Starlight Symphony
711,Golden Hour
712,Midnight City
713,Golden Hour
714,Sunset Serenade
715,Ocean Waves
716,Twilight Tango
717,Electric Dreams
718,Electric Dreams
719,Sunset Serenade
720,Twilight Tango
721,Midnight City
722,Midnight City
723,Dancing in the Moonlight
724,Neon Nights
725,Neon Nights
726,Ocean Waves
727,Golden Hour
728,Golden Hour
729,Twilight Tango
730,Electric Dreams
731,Neon Nights
732,Twilight Tango
733,Electric Dreams
734,Neon Nights
735,Sunset Serenade
736,Electric Dreams
737,Starlight Symphony
738,Sunset Serenade
739,Golden Hour
740,Summer Breeze
741,Ocean Waves
742,Electric Dreams
743,Starlight Symphony
744,Golden Hour
745,Dancing in the Moonlight
746,Twilight Tango
747,Electric Dreams
748,Electric Dreams
749,Starlight Symphony
750,Neon Nights
751,Summer Breeze
752,Ocean Waves
753,Summer Breeze
754,Dancing in the Moonlight
755,Sunset Serenade
756,Neon Nights
757,Ocean Waves
758,Starlight Symphony
759,Neon Nights
760,Twilight Tango
761,Summer Breeze
762,Neon Nights
763,Midnight City
764,Neon Nights
765,Dancing in the Moonlight
766,Sunset Serenade
767,Neon Nights
768,Summer Breeze
769,Starlight Symphony
770,Starlight Symphony
771,Twilight Tango
772,Sunset Serenade
773,Golden Hour
774,Twilight Tango
775,Twilight Tango
776,Twilight Tango
777,Twilight Tango
778,Neon Nights
779,Summer Breeze
780,Starlight Symphony
781,Sunset Serenade
782,Electric Dreams
783,Sunset Serenade
784,Ocean Waves
785,Electric Dreams
786,Dancing in the Moonlight
787,Dancing in the Moonlight
788,Sunset Serenade
789,Midnight City
790,Twilight Tango
791,Ocean Waves
792,Electric Dreams
793,Summer Breeze
794,Midnight City
795,Midnight City
796,Dancing in the Moonlight
797,Starlight Symphony
798,Golden Hour
799,Neon Nights
800,Sunset Serenade
801,Twilight Tango
802,Sunset Serenade
803,Summer Breeze
804,Electric Dreams
805,Twilight Tango
806,Sunset Serenade
807,Sunset Serenade
808,Summer Breeze
809,Golden Hour
810,Summer Breeze
811,Neon Nights
812,Summer Breeze
813,Electric Dreams
814,Ocean Waves
815,Ocean Waves
816,Electric Dreams
817,Sunset Serenade
818,Neon Nights
819,Golden Hour
820,Sunset Serenade
821,Midnight City
822,Golden Hour
823,Twilight Tango
824,Electric Dreams
825,Sunset Serenade
826,Starlight Symphony
827,Starlight Symphony
828,Twilight Tango
829,Twilight Tango
830,Twilight Tango
831,Electric Dreams
832,Starlight Symphony
833,Ocean Waves
834,Golden Hour
835,Golden Hour
836,Electric Dreams
837,Ocean Waves
838,Neon Nights
839,Ocean Waves
840,Electric Dreams
841,Ocean Waves
842,Summer Breeze
843,Electric Dreams
844,Electric Dreams
845,Dancing in the Moonlight
846,Golden Hour
847,Neon Nights
848,Starlight Symphony
849,Sunset Serenade
850,Twilight Tango
851,Twilight Tango
852,Ocean Waves
853,Electric Dreams
854,Twilight Tango
855,Summer Breeze
856,Golden Hour
857,Neon Nights
858,Neon Nights
859,Ocean Waves
860,Electric Dreams
861,Summer Breeze
862,Electric Dreams
863,Midnight City
864,Summer Breeze
865,Sunset Serenade
866,Sunset Serenade
867,Sunset Serenade
868,Electric Dreams
869,Twilight Tango
870,Twilight Tango
871,Ocean Waves
872,Dancing in the Moonlight
873,Sunset Serenade
874,Dancing in the Moonlight
875,Dancing in the Moonlight
876,Summer Breeze
877,Golden Hour
878,Midnight City
879,Golden Hour
880,Sunset Serenade
881,Sunset Serenade
882,Sunset Serenade
883,Summer Breeze
884,Starlight Symphony
885,Neon Nights
886,Midnight City
887,Midnight City
888,Midnight City
889,Dancing in the Moonlight
890,Summer Breeze
891,Summer Breeze
892,Dancing in the Moonlight
893,Golden Hour
894,Neon Nights
895,Neon Nights
896,Golden Hour
897,Summer Breeze
898,Twilight Tango
899,Twilight Tango
900,Starlight Symphony
901,Ocean Waves
902,Starlight Symphony
903,Summer Breeze
904,Starlight Symphony
905,Starlight Symphony
906,Twilight Tango
907,Midnight City
908,Ocean Waves
909,Golden Hour
910,Starlight Symphony
911,Dancing in the Moonlight
912,Ocean Waves
913,Twilight Tango
914,Golden Hour
915,Summer Breeze
916,Neon Nights
917,Ocean Waves
918,Electric Dreams
919,Ocean Waves
920,Midnight City
921,Starlight Symphony
922,Dancing in the Moonlight
923,Neon Nights
924,Summer Breeze
925,Dancing in the Moonlight
926,Summer Breeze
927,Twilight Tango
928,Electric Dreams
929,Twilight Tango
930,Dancing in the Moonlight
931,Starlight Symphony
932,Electric Dreams
933,Dancing in the Moonlight
934,Midnight City
935,Sunset Serenade
936,Golden Hour
937,Twilight Tango
938,Midnight City
939,Midnight City
940,Electric Dreams
941,Golden Hour
942,Midnight City
943,Midnight City
944,Starlight Symphony
945,Ocean Waves
946,Neon Nights
947,Electric Dreams
948,Electric Dreams
949,Sunset Serenade
950,Golden Hour
951,Starlight Symphony
952,Golden Hour
953,Midnight City
954,Sunset Serenade
955,Midnight City
956,Starlight Symphony
957,Starlight Symphony
958,Midnight City
959,Twilight Tango
960,Twilight Tango
961,Starlight Symphony
962,Ocean Waves
963,Starlight Symphony
964,Dancing in the Moonlight
965,Summer Breeze
966,Golden Hour
967,Electric Dreams
968,Summer Breeze
969,Electric Dreams
970,Neon Nights
971,Twilight Tango
972,Dancing in the Moonlight
973,Dancing in the Moonlight
974,Golden Hour
975,Neon Nights
976,Summer Breeze
977,Golden Hour
978,Twilight Tango
979,Starlight Symphony
980,Midnight City
981,Midnight City
982,Summer Breeze
983,Ocean Waves
984,Neon Nights
985,Ocean Waves
986,Golden Hour
987,Dancing in the Moonlight
988,Twilight Tango
989,Twilight Tango
990,Dancing in the Moonlight
991,Neon Nights
992,Electric Dreams
993,Electric Dreams
994,Dancing in the Moonlight
995,Electric Dreams
996,Golden Hour
997,Electric Dreams
998,Sunset Serenade
999,Golden Hour
1000,Starlight Symphony
