recording_id,title,recording_date,format
1,bandwidth-monitored,2024-05-11,mp4
2,Public-key,2024-04-02,mp4
3,User-friendly,2024-05-03,cd
4,systemic,2024-02-27,mp4
5,homogeneous,2024-04-27,wav
6,zero tolerance,2024-03-25,cd
7,human-resource,2023-08-01,wav
8,productivity,2023-08-17,mp4
9,6th generation,2024-05-23,cd
10,Secured,2024-04-05,mp3
11,Realigned,2023-07-10,mp4
12,Reverse-engineered,2023-07-07,cd
13,Profit-focused,2024-06-17,wav
14,website,2024-03-11,wav
15,service-desk,2023-09-21,mp4
16,systemic,2024-04-01,cd
17,Reverse-engineered,2024-01-02,mp3
18,throughput,2024-04-24,mp3
19,parallelism,2023-08-14,mp3
20,coherent,2024-04-16,mp4
21,focus group,2024-05-09,cd
22,discrete,2024-02-19,wav
23,real-time,2024-03-29,mp4
24,Seamless,2023-11-05,wav
25,systematic,2024-06-12,mp3
26,Inverse,2024-03-20,cd
27,archive,2023-10-23,cd
28,maximized,2024-01-17,wav
29,contingency,2024-04-17,wav
30,Multi-layered,2024-01-02,wav
31,Managed,2023-10-07,cd
32,Vision-oriented,2024-02-15,wav
33,capability,2023-08-03,mp3
34,methodology,2024-04-13,mp3
35,portal,2024-05-07,mp4
36,local area network,2023-10-20,wav
37,Adaptive,2023-09-29,mp4
38,contingency,2024-03-01,cd
39,intranet,2023-10-07,cd
40,artificial intelligence,2023-12-11,mp3
41,motivating,2023-07-18,mp4
42,knowledge base,2024-02-19,cd
43,collaboration,2024-05-26,cd
44,incremental,2024-01-21,mp4
45,installation,2023-10-30,cd
46,framework,2023-12-31,wav
47,leading edge,2024-05-02,mp4
48,systematic,2023-07-04,wav
49,human-resource,2023-12-26,wav
50,Re-engineered,2024-05-12,cd
51,Pre-emptive,2023-12-29,wav
52,intranet,2023-07-25,cd
53,zero defect,2024-03-02,wav
54,data-warehouse,2024-02-05,wav
55,Synergistic,2023-09-17,cd
56,encompassing,2023-11-20,mp4
57,uniform,2024-01-21,wav
58,parallelism,2023-06-22,wav
59,even-keeled,2024-01-04,mp3
60,secondary,2023-07-28,mp4
61,middleware,2023-06-24,wav
62,neutral,2024-05-19,mp3
63,client-server,2023-08-30,mp3
64,matrix,2024-01-28,mp4
65,project,2023-07-04,mp3
66,focus group,2024-01-21,mp3
67,Reverse-engineered,2023-07-28,mp4
68,Realigned,2023-10-26,wav
69,workforce,2024-06-16,mp4
70,Managed,2024-03-14,mp3
71,heuristic,2024-02-22,cd
72,customer loyalty,2023-07-29,cd
73,Decentralized,2024-02-23,mp3
74,analyzer,2023-10-11,wav
75,bifurcated,2023-07-02,wav
76,core,2023-07-02,wav
77,Right-sized,2024-03-10,mp3
78,data-warehouse,2023-06-21,wav
79,Profit-focused,2023-08-21,mp3
80,Streamlined,2024-04-05,mp4
81,Inverse,2023-11-30,mp3
82,Graphic Interface,2024-02-10,mp4
83,Enterprise-wide,2023-07-01,cd
84,methodology,2024-04-14,mp3
85,definition,2024-02-11,wav
86,homogeneous,2024-05-08,cd
87,core,2024-02-04,mp4
88,Optimized,2024-05-29,mp3
89,Multi-lateral,2024-04-10,mp3
90,knowledge base,2024-01-15,mp4
91,protocol,2023-09-27,mp4
92,disintermediate,2024-01-23,cd
93,Enterprise-wide,2023-06-20,cd
94,system engine,2023-07-02,wav
95,access,2024-04-15,mp4
96,Synergized,2023-09-21,wav
97,asynchronous,2023-07-24,mp4
98,Mandatory,2023-09-23,wav
99,Graphic Interface,2024-06-12,wav
100,Front-line,2023-09-15,mp3
101,next generation,2023-07-19,mp4
102,foreground,2023-10-11,cd
103,empowering,2023-10-24,cd
104,regional,2024-05-07,cd
105,discrete,2023-11-17,mp4
106,exuding,2023-12-05,cd
107,knowledge user,2024-04-06,wav
108,Innovative,2024-02-19,cd
109,interface,2024-01-24,mp3
110,Synergized,2024-04-03,cd
111,disintermediate,2023-11-15,cd
112,infrastructure,2024-02-12,mp4
113,matrix,2023-12-23,wav
114,forecast,2023-12-26,wav
115,Programmable,2024-05-26,cd
116,background,2023-07-02,cd
117,Cross-platform,2023-11-29,mp4
118,clear-thinking,2023-09-19,mp4
119,benchmark,2023-12-24,cd
120,orchestration,2024-03-30,mp4
121,info-mediaries,2023-07-19,wav
122,mission-critical,2023-07-02,mp3
123,system engine,2024-01-22,mp3
124,optimizing,2024-02-15,wav
125,next generation,2023-11-03,wav
126,Compatible,2023-12-01,mp4
127,Synergistic,2023-12-03,mp4
128,Stand-alone,2023-11-18,mp4
129,archive,2024-01-24,wav
130,capacity,2024-05-22,wav
131,Optional,2023-07-30,mp4
132,synergy,2024-02-05,mp4
133,complexity,2024-01-18,wav
134,adapter,2024-02-15,mp3
135,productivity,2023-07-05,mp4
136,systemic,2023-12-10,mp4
137,bi-directional,2024-06-04,cd
138,function,2024-01-17,mp4
139,discrete,2023-09-27,wav
140,Robust,2023-09-08,mp3
141,extranet,2023-11-22,cd
142,multi-state,2024-03-15,wav
143,model,2023-11-04,mp4
144,model,2023-07-19,mp3
145,Automated,2024-04-24,cd
146,mobile,2024-03-11,mp3
147,didactic,2024-06-17,mp4
148,Ergonomic,2024-05-02,mp4
149,implementation,2023-11-20,mp3
150,stable,2023-09-05,mp4
151,workforce,2023-12-14,wav
152,Phased,2023-07-21,cd
153,pricing structure,2024-03-23,wav
154,client-driven,2024-05-11,mp3
155,workforce,2023-11-09,wav
156,protocol,2023-08-02,cd
157,Optimized,2024-06-10,wav
158,project,2024-03-11,mp4
159,internet solution,2024-04-21,wav
160,emulation,2024-04-24,cd
161,alliance,2023-12-27,wav
162,Switchable,2024-04-18,mp4
163,Synergized,2024-03-03,mp3
164,content-based,2023-08-01,mp4
165,Grass-roots,2023-10-27,mp3
166,full-range,2023-11-22,wav
167,asymmetric,2024-04-27,cd
168,Organized,2023-06-26,mp4
169,synergy,2024-01-17,mp3
170,Devolved,2023-12-15,mp3
171,asymmetric,2023-09-14,mp3
172,firmware,2024-04-14,mp3
173,web-enabled,2024-06-03,mp3
174,local area network,2023-12-13,wav
175,Ameliorated,2023-12-19,mp4
176,cohesive,2024-03-24,mp4
177,Innovative,2024-04-23,wav
178,multimedia,2024-05-09,wav
179,Face to face,2023-08-10,cd
180,conglomeration,2024-03-20,cd
181,Proactive,2024-02-09,wav
182,capacity,2024-01-01,wav
183,uniform,2023-08-14,mp4
184,Digitized,2024-02-03,mp3
185,content-based,2023-11-24,wav
186,help-desk,2024-04-01,mp4
187,intangible,2024-05-10,mp3
188,attitude-oriented,2023-09-03,mp3
189,service-desk,2023-06-21,wav
190,instruction set,2023-10-06,mp4
191,Re-contextualized,2023-10-24,cd
192,interactive,2024-01-06,mp4
193,dedicated,2023-08-13,mp4
194,pricing structure,2024-04-08,wav
195,actuating,2023-10-11,cd
196,Fundamental,2023-09-11,mp4
197,next generation,2023-11-30,mp3
198,local area network,2023-10-01,mp4
199,impactful,2023-12-12,mp4
200,Fundamental,2024-01-30,mp4
201,uniform,2023-08-18,mp4
202,productivity,2024-04-08,mp3
203,pricing structure,2023-07-07,wav
204,Programmable,2023-11-05,cd
205,secondary,2023-12-25,wav
206,collaboration,2023-12-01,mp3
207,didactic,2024-01-14,mp3
208,Reduced,2024-03-09,mp3
209,Horizontal,2023-08-12,cd
210,Multi-tiered,2024-03-25,cd
211,approach,2024-03-13,mp3
212,task-force,2024-03-27,mp3
213,bottom-line,2024-06-09,cd
214,client-server,2023-12-08,cd
215,Sharable,2024-05-01,mp3
216,Upgradable,2024-03-29,mp3
217,eco-centric,2023-08-16,cd
218,protocol,2024-04-24,mp4
219,portal,2024-05-05,cd
220,analyzer,2024-05-06,mp4
221,strategy,2024-04-03,mp3
222,executive,2023-10-23,cd
223,infrastructure,2024-02-23,wav
224,Advanced,2024-06-03,wav
225,Multi-layered,2023-06-28,mp4
226,directional,2024-03-28,mp3
227,contextually-based,2023-11-22,mp3
228,object-oriented,2024-06-08,mp3
229,Digitized,2023-11-19,mp3
230,Synergistic,2024-04-10,mp4
231,tertiary,2024-05-31,mp3
232,Extended,2024-05-04,mp3
233,Configurable,2024-06-01,wav
234,Seamless,2023-11-03,wav
235,matrices,2024-05-06,mp4
236,policy,2024-03-24,mp3
237,Visionary,2023-08-23,mp4
238,archive,2024-03-30,mp3
239,value-added,2024-05-19,mp4
240,Assimilated,2024-01-10,mp3
241,functionalities,2023-06-18,mp3
242,User-friendly,2023-07-15,cd
243,Public-key,2023-09-15,wav
244,hierarchy,2023-10-29,cd
245,secondary,2024-03-01,cd
246,disintermediate,2024-02-20,mp4
247,stable,2023-12-02,cd
248,Mandatory,2024-06-08,mp3
249,Exclusive,2024-03-28,wav
250,encryption,2024-05-12,mp3
251,strategy,2023-07-24,wav
252,bottom-line,2024-06-16,mp4
253,next generation,2023-08-09,mp4
254,database,2023-11-04,mp3
255,solution-oriented,2023-09-25,mp3
256,Quality-focused,2023-12-06,mp4
257,projection,2023-11-15,mp3
258,strategy,2023-07-10,cd
259,bi-directional,2024-05-06,wav
260,Synchronised,2024-04-25,wav
261,installation,2023-06-22,mp4
262,Triple-buffered,2023-11-28,cd
263,Extended,2023-11-16,mp3
264,hybrid,2024-05-03,wav
265,Inverse,2024-06-04,mp4
266,Inverse,2024-03-08,cd
267,dynamic,2023-11-11,mp4
268,internet solution,2024-05-11,mp4
269,customer loyalty,2023-10-27,wav
270,Total,2024-02-06,mp4
271,neural-net,2024-02-01,mp4
272,exuding,2023-07-03,wav
273,Triple-buffered,2024-03-17,mp3
274,Devolved,2024-05-25,mp4
275,dynamic,2023-08-01,cd
276,Synergized,2024-06-13,cd
277,projection,2023-10-13,wav
278,Versatile,2024-01-17,mp3
279,archive,2023-11-15,mp4
280,system engine,2024-03-11,mp3
281,methodology,2023-09-13,wav
282,middleware,2024-06-09,cd
283,modular,2023-07-09,cd
284,uniform,2024-04-09,cd
285,bifurcated,2023-10-29,mp3
286,implementation,2023-07-03,cd
287,impactful,2024-03-20,mp4
288,project,2023-09-17,cd
289,productivity,2024-06-13,wav
290,local,2024-01-22,wav
291,Automated,2024-05-01,wav
292,incremental,2024-01-24,cd
293,client-driven,2023-07-05,mp4
294,Customer-focused,2023-06-27,cd
295,forecast,2024-05-05,mp3
296,Progressive,2023-07-22,mp3
297,discrete,2024-01-09,mp4
298,Persevering,2023-12-05,mp3
299,3rd generation,2023-08-12,mp3
300,eco-centric,2023-07-08,cd
301,incremental,2024-06-08,cd
302,Organized,2023-07-25,mp3
303,Organic,2023-12-01,wav
304,Innovative,2024-05-05,cd
305,intranet,2024-04-29,mp4
306,foreground,2023-10-29,mp4
307,Cloned,2023-12-31,mp4
308,explicit,2024-04-30,mp3
309,Innovative,2023-07-23,mp3
310,non-volatile,2024-03-18,wav
311,even-keeled,2023-10-09,mp4
312,neutral,2023-09-17,mp4
313,Diverse,2023-10-11,wav
314,Secured,2024-02-07,wav
315,concept,2024-05-29,mp3
316,flexibility,2024-02-25,mp3
317,Distributed,2024-06-15,cd
318,Team-oriented,2024-03-15,wav
319,core,2024-03-16,wav
320,Cloned,2023-11-21,mp4
321,actuating,2024-05-25,mp3
322,synergy,2024-06-01,cd
323,knowledge base,2024-01-18,cd
324,parallelism,2024-05-05,wav
325,fault-tolerant,2024-04-09,cd
326,systemic,2024-05-20,mp4
327,Mandatory,2023-08-04,mp3
328,national,2023-08-17,cd
329,Proactive,2024-03-29,wav
330,User-centric,2023-11-30,mp3
331,Focused,2023-08-22,mp4
332,Reduced,2024-03-20,cd
333,mission-critical,2024-02-15,mp4
334,Streamlined,2024-03-10,mp3
335,focus group,2023-10-03,wav
336,methodology,2024-04-25,wav
337,initiative,2024-06-02,mp3
338,multi-tasking,2024-01-08,cd
339,Focused,2024-01-23,cd
340,Self-enabling,2024-03-15,cd
341,Versatile,2023-07-27,mp4
342,support,2023-09-27,wav
343,archive,2023-07-01,mp3
344,instruction set,2024-01-27,mp4
345,Phased,2024-04-10,mp4
346,Profound,2024-02-25,mp3
347,portal,2023-10-05,mp3
348,User-friendly,2024-01-09,wav
349,Programmable,2023-10-14,mp3
350,application,2023-06-30,mp3
351,multi-state,2023-12-07,cd
352,analyzer,2024-04-28,wav
353,Switchable,2024-05-31,wav
354,focus group,2024-05-14,mp3
355,bandwidth-monitored,2023-11-14,mp4
356,transitional,2024-03-24,cd
357,Compatible,2023-10-20,mp3
358,Triple-buffered,2023-09-22,mp4
359,national,2023-07-07,mp3
360,3rd generation,2023-09-27,wav
361,time-frame,2024-01-06,wav
362,intranet,2023-10-17,cd
363,holistic,2023-11-23,cd
364,Visionary,2023-11-04,mp4
365,secondary,2023-10-05,mp4
366,Switchable,2024-02-22,cd
367,motivating,2023-11-12,mp3
368,Graphical User Interface,2023-10-30,mp3
369,migration,2023-10-07,cd
370,circuit,2024-01-02,mp3
371,dynamic,2023-07-16,wav
372,Vision-oriented,2023-08-24,wav
373,functionalities,2023-10-03,cd
374,dynamic,2023-10-02,wav
375,Expanded,2023-09-10,wav
376,dynamic,2023-12-16,mp4
377,middleware,2023-12-28,mp3
378,regional,2024-05-05,mp3
379,logistical,2023-09-11,mp4
380,client-driven,2024-06-17,mp4
381,intangible,2023-09-20,mp4
382,capability,2023-10-22,mp3
383,Customer-focused,2023-11-29,mp4
384,6th generation,2023-08-21,wav
385,focus group,2023-06-25,wav
386,Customer-focused,2023-09-03,mp4
387,Ameliorated,2023-09-23,cd
388,Diverse,2024-01-31,mp3
389,Horizontal,2023-10-11,wav
390,definition,2023-09-09,mp4
391,24/7,2024-05-05,wav
392,Re-engineered,2023-07-03,wav
393,Visionary,2023-09-13,cd
394,Configurable,2023-11-29,cd
395,stable,2024-02-08,wav
396,paradigm,2024-02-29,mp3
397,User-centric,2023-11-24,mp3
398,orchestration,2024-04-12,cd
399,fault-tolerant,2023-08-28,mp3
400,cohesive,2023-08-07,wav
401,firmware,2023-08-09,wav
402,tertiary,2023-09-17,mp3
403,hierarchy,2024-01-21,cd
404,Customizable,2024-02-23,mp4
405,directional,2023-12-24,mp4
406,moratorium,2024-03-25,wav
407,Digitized,2024-03-14,mp3
408,success,2023-07-26,cd
409,maximized,2023-08-15,wav
410,3rd generation,2023-08-03,mp4
411,challenge,2023-07-31,wav
412,Vision-oriented,2024-02-14,cd
413,eco-centric,2024-01-03,mp3
414,intangible,2023-06-18,cd
415,stable,2024-05-25,mp3
416,fault-tolerant,2023-09-05,wav
417,Profit-focused,2024-06-10,mp4
418,product,2024-02-08,mp3
419,multi-tasking,2023-12-14,cd
420,Customizable,2024-03-12,mp3
421,non-volatile,2024-06-03,mp3
422,Synchronised,2023-08-13,mp4
423,upward-trending,2024-02-15,mp4
424,interface,2024-05-19,mp4
425,Graphical User Interface,2024-03-14,wav
426,dedicated,2023-09-10,mp4
427,data-warehouse,2024-03-22,cd
428,initiative,2023-11-10,cd
429,optimizing,2023-12-09,wav
430,homogeneous,2023-08-27,mp3
431,Open-architected,2024-05-12,cd
432,emulation,2023-12-02,cd
433,Switchable,2024-04-11,mp4
434,discrete,2023-12-14,wav
435,transitional,2024-03-10,wav
436,Self-enabling,2023-11-03,wav
437,hierarchy,2024-05-17,mp3
438,help-desk,2024-03-26,mp4
439,analyzing,2023-12-14,cd
440,Team-oriented,2024-05-03,mp4
441,portal,2023-07-15,wav
442,Optional,2024-03-05,cd
443,help-desk,2024-04-23,mp4
444,definition,2024-06-08,mp3
445,stable,2023-08-30,mp4
446,systematic,2023-07-04,wav
447,Centralized,2023-09-06,mp4
448,dedicated,2024-06-10,wav
449,Sharable,2023-11-25,mp4
450,Face to face,2023-11-28,cd
451,high-level,2023-11-22,mp4
452,Digitized,2023-11-15,mp3
453,bandwidth-monitored,2024-03-10,mp3
454,dynamic,2023-09-14,mp3
455,Mandatory,2023-11-09,wav
456,value-added,2024-06-10,mp3
457,concept,2023-09-25,cd
458,Object-based,2023-09-20,cd
459,contingency,2024-06-15,mp4
460,Switchable,2023-07-19,mp3
461,Open-architected,2023-12-26,wav
462,Monitored,2024-01-17,cd
463,Enterprise-wide,2024-02-15,mp4
464,demand-driven,2023-08-31,cd
465,heuristic,2024-04-08,mp3
466,dedicated,2023-11-03,mp3
467,object-oriented,2023-11-20,mp3
468,uniform,2024-04-22,cd
469,Stand-alone,2023-07-03,cd
470,grid-enabled,2023-06-19,cd
471,next generation,2024-05-23,mp3
472,systemic,2023-09-30,mp4
473,discrete,2024-03-22,mp3
474,access,2024-03-31,cd
475,software,2024-06-15,cd
476,bifurcated,2023-07-22,wav
477,Implemented,2023-10-01,mp3
478,concept,2023-08-30,mp3
479,installation,2023-07-27,cd
480,implementation,2024-05-06,mp4
481,Intuitive,2024-06-10,wav
482,Realigned,2023-11-05,mp4
483,context-sensitive,2023-11-02,mp4
484,hybrid,2023-12-27,mp4
485,national,2023-11-15,mp3
486,Front-line,2023-10-04,mp3
487,user-facing,2023-09-29,cd
488,Enterprise-wide,2024-02-03,mp3
489,capability,2023-08-08,wav
490,coherent,2023-09-16,cd
491,Phased,2024-01-23,mp4
492,system-worthy,2023-12-30,wav
493,utilisation,2024-06-09,cd
494,Organized,2024-06-05,wav
495,focus group,2024-02-03,mp4
496,web-enabled,2024-04-13,wav
497,Function-based,2024-04-27,cd
498,regional,2023-08-16,cd
499,solution,2023-09-15,mp3
500,Ergonomic,2023-07-16,cd
501,circuit,2024-01-01,mp3
502,website,2024-05-11,mp4
503,knowledge base,2024-02-01,mp4
504,Implemented,2023-09-01,cd
505,Devolved,2024-04-22,mp3
506,projection,2024-04-05,wav
507,Fundamental,2024-05-06,mp3
508,encoding,2023-11-11,mp4
509,array,2023-09-08,mp4
510,uniform,2023-08-18,wav
511,asymmetric,2024-04-30,mp4
512,Ameliorated,2023-07-07,mp4
513,Reactive,2023-06-27,mp3
514,Fully-configurable,2023-08-22,wav
515,ability,2024-02-06,mp3
516,Down-sized,2023-07-12,mp4
517,full-range,2024-05-30,cd
518,24/7,2023-08-11,mp3
519,task-force,2024-01-03,wav
520,Phased,2023-06-24,mp4
521,5th generation,2023-09-22,cd
522,Synchronised,2023-07-16,cd
523,system engine,2023-11-05,mp4
524,hub,2024-01-24,mp4
525,background,2024-01-18,mp4
526,Automated,2023-08-05,wav
527,Reverse-engineered,2023-09-25,mp4
528,modular,2024-03-09,cd
529,service-desk,2023-12-09,mp4
530,Multi-tiered,2024-06-06,mp3
531,Versatile,2024-06-05,cd
532,orchestration,2023-08-01,mp4
533,5th generation,2023-08-15,mp3
534,global,2023-08-21,mp3
535,function,2024-06-03,mp4
536,even-keeled,2024-03-13,mp4
537,content-based,2024-03-19,mp3
538,infrastructure,2024-05-26,mp3
539,transitional,2023-06-30,mp3
540,web-enabled,2023-12-07,mp3
541,Pre-emptive,2023-10-05,mp3
542,local,2023-07-22,mp3
543,Enhanced,2023-10-09,mp4
544,multi-state,2024-05-25,wav
545,hybrid,2024-02-06,mp4
546,Fundamental,2023-12-26,cd
547,interface,2023-12-04,cd
548,web-enabled,2023-12-20,wav
549,coherent,2024-03-04,mp3
550,Universal,2023-12-17,wav
551,demand-driven,2024-04-04,mp4
552,Synergistic,2023-11-30,wav
553,leading edge,2023-06-27,cd
554,Reduced,2023-08-21,mp4
555,product,2023-07-14,mp4
556,flexibility,2023-09-24,wav
557,Networked,2023-10-20,mp4
558,Networked,2024-01-23,cd
559,success,2023-07-12,wav
560,secondary,2023-12-14,mp3
561,Total,2024-05-24,mp4
562,directional,2023-09-17,cd
563,cohesive,2023-12-19,cd
564,interactive,2023-11-23,mp3
565,responsive,2023-11-24,mp3
566,Synergized,2024-03-13,wav
567,Proactive,2023-12-14,cd
568,function,2023-08-01,wav
569,User-centric,2024-04-07,mp3
570,Fundamental,2024-03-01,mp3
571,Synergistic,2023-08-24,mp4
572,foreground,2023-09-17,mp4
573,leverage,2023-12-02,mp4
574,bifurcated,2024-04-10,cd
575,standardization,2023-09-16,cd
576,Integrated,2024-05-14,cd
577,multi-state,2023-08-28,wav
578,analyzer,2024-03-26,wav
579,Advanced,2024-01-20,cd
580,interface,2024-03-05,mp3
581,portal,2024-03-08,mp4
582,customer loyalty,2024-03-06,mp3
583,global,2024-05-07,cd
584,asynchronous,2024-01-15,cd
585,array,2023-10-28,cd
586,Multi-layered,2023-07-11,mp3
587,even-keeled,2024-01-22,mp3
588,full-range,2024-06-17,mp3
589,system engine,2023-11-14,mp4
590,5th generation,2023-07-02,wav
591,Visionary,2024-04-25,wav
592,context-sensitive,2024-01-23,mp4
593,Graphic Interface,2023-06-23,wav
594,definition,2023-09-22,mp3
595,explicit,2023-09-27,wav
596,Organic,2024-06-13,mp3
597,human-resource,2024-01-11,mp4
598,systemic,2023-08-12,cd
599,customer loyalty,2024-05-21,wav
600,Diverse,2023-09-17,mp3
601,zero tolerance,2023-12-18,cd
602,6th generation,2023-06-24,mp3
603,Innovative,2023-06-30,wav
604,systemic,2024-01-22,mp3
605,Innovative,2024-06-07,wav
606,intranet,2024-05-01,mp3
607,data-warehouse,2024-04-16,wav
608,contextually-based,2024-06-16,cd
609,Mandatory,2023-12-04,mp3
610,function,2024-01-23,mp4
611,local area network,2024-05-16,wav
612,client-server,2024-03-01,cd
613,Networked,2023-08-20,cd
614,Multi-tiered,2023-10-15,wav
615,Reduced,2024-03-18,wav
616,Cross-group,2024-06-13,wav
617,Devolved,2023-11-07,mp3
618,even-keeled,2024-04-18,mp3
619,context-sensitive,2023-11-01,mp3
620,Re-contextualized,2024-06-10,mp4
621,systematic,2023-07-01,wav
622,Stand-alone,2024-03-26,mp3
623,Fundamental,2024-01-22,mp4
624,coherent,2024-01-04,mp4
625,optimal,2024-03-18,cd
626,Sharable,2024-02-22,cd
627,Intuitive,2023-08-09,cd
628,model,2024-03-08,cd
629,Open-architected,2023-10-03,cd
630,radical,2024-04-10,cd
631,asynchronous,2023-10-14,mp3
632,Re-engineered,2024-02-20,mp4
633,dedicated,2024-01-02,mp3
634,methodical,2023-12-31,mp4
635,capability,2023-10-02,mp3
636,explicit,2023-12-08,mp4
637,system engine,2024-03-20,wav
638,synergy,2024-03-22,cd
639,Total,2023-09-01,wav
640,global,2023-12-28,mp4
641,impactful,2024-02-11,mp4
642,initiative,2023-07-25,mp3
643,process improvement,2023-09-13,cd
644,regional,2024-01-18,mp3
645,Triple-buffered,2024-06-03,mp4
646,Optimized,2023-11-13,mp4
647,Cross-platform,2024-03-06,wav
648,fresh-thinking,2024-01-31,cd
649,access,2024-04-30,mp3
650,monitoring,2024-02-12,mp4
651,client-driven,2024-02-18,mp4
652,mission-critical,2024-03-01,cd
653,application,2024-05-17,wav
654,methodology,2023-08-16,mp4
655,Customer-focused,2023-09-03,mp3
656,De-engineered,2023-07-01,wav
657,dynamic,2023-12-16,mp4
658,Reactive,2024-06-04,cd
659,knowledge base,2023-12-27,mp4
660,bandwidth-monitored,2023-09-08,wav
661,capability,2024-01-07,wav
662,encryption,2023-11-23,cd
663,User-friendly,2023-12-09,mp3
664,Right-sized,2024-05-30,cd
665,bottom-line,2023-09-13,wav
666,Progressive,2023-09-09,wav
667,Multi-lateral,2023-09-16,mp3
668,Inverse,2023-11-13,cd
669,analyzing,2024-03-22,mp4
670,needs-based,2024-06-08,wav
671,hub,2024-03-14,cd
672,monitoring,2024-05-07,wav
673,software,2023-07-15,cd
674,Public-key,2024-02-27,cd
675,solution-oriented,2023-09-26,mp4
676,complexity,2023-10-13,mp4
677,Cross-platform,2023-07-12,mp3
678,Persevering,2023-11-25,cd
679,stable,2023-10-30,cd
680,homogeneous,2023-06-27,cd
681,contextually-based,2024-05-29,wav
682,bifurcated,2023-10-10,mp3
683,instruction set,2023-09-10,mp4
684,Horizontal,2024-01-09,mp4
685,hierarchy,2023-06-20,mp4
686,fresh-thinking,2023-10-11,mp4
687,Cloned,2023-11-26,wav
688,parallelism,2023-08-05,wav
689,mission-critical,2023-09-18,mp4
690,content-based,2024-01-17,wav
691,adapter,2024-05-09,cd
692,Sharable,2023-09-09,wav
693,Digitized,2023-09-08,cd
694,24/7,2024-02-16,mp4
695,structure,2024-05-22,wav
696,multi-tasking,2023-06-23,mp4
697,Enhanced,2023-11-01,cd
698,systemic,2023-08-04,mp4
699,capability,2023-10-24,wav
700,system engine,2024-01-05,mp3
701,encompassing,2023-08-31,mp4
702,Team-oriented,2023-06-26,mp3
703,attitude-oriented,2024-03-08,cd
704,zero tolerance,2024-03-23,mp4
705,framework,2023-07-09,mp3
706,conglomeration,2024-01-26,mp4
707,Triple-buffered,2023-12-08,wav
708,contextually-based,2024-02-23,mp4
709,adapter,2023-12-28,cd
710,Open-architected,2023-10-23,mp4
711,website,2024-05-03,cd
712,Graphical User Interface,2024-03-05,mp4
713,emulation,2023-12-20,wav
714,Re-engineered,2023-12-15,cd
715,flexibility,2024-04-06,wav
716,Operative,2023-12-18,wav
717,3rd generation,2024-05-30,mp4
718,neural-net,2023-09-03,wav
719,neural-net,2024-01-26,wav
720,Fundamental,2024-01-24,wav
721,Organic,2024-04-27,wav
722,complexity,2024-06-12,wav
723,intranet,2024-03-31,wav
724,Persistent,2024-01-23,cd
725,composite,2023-07-17,wav
726,asynchronous,2023-08-10,wav
727,systemic,2023-08-17,mp3
728,database,2023-07-14,wav
729,matrix,2024-02-05,wav
730,Multi-tiered,2023-09-21,mp4
731,mobile,2023-12-25,wav
732,workforce,2023-12-13,wav
733,foreground,2023-09-27,mp4
734,Right-sized,2023-12-09,cd
735,system-worthy,2024-04-24,mp4
736,hub,2023-12-09,mp4
737,protocol,2024-03-22,mp3
738,Integrated,2024-03-28,mp4
739,Multi-lateral,2023-11-02,cd
740,intangible,2023-07-07,wav
741,empowering,2023-11-17,wav
742,foreground,2024-05-10,mp4
743,Right-sized,2023-07-04,mp4
744,interface,2023-08-07,mp4
745,Down-sized,2024-01-06,cd
746,Monitored,2023-08-24,wav
747,complexity,2024-02-10,mp3
748,local area network,2024-02-05,mp4
749,24/7,2024-04-19,wav
750,Optional,2024-02-15,mp3
751,Progressive,2023-06-21,mp4
752,capacity,2023-08-17,mp4
753,explicit,2024-03-05,mp4
754,Profound,2023-07-18,wav
755,installation,2023-11-03,cd
756,Function-based,2024-05-30,cd
757,paradigm,2023-07-23,wav
758,eco-centric,2024-02-23,mp3
759,mission-critical,2024-04-12,mp3
760,structure,2024-03-30,mp4
761,Profound,2024-05-10,mp3
762,stable,2023-11-04,mp3
763,zero defect,2023-12-01,mp3
764,Cloned,2024-04-16,mp3
765,paradigm,2023-10-05,mp3
766,local,2024-03-20,mp4
767,migration,2024-01-10,mp4
768,hybrid,2024-05-31,cd
769,Enhanced,2024-02-03,cd
770,real-time,2023-07-31,cd
771,Focused,2024-04-18,cd
772,Intuitive,2024-05-01,cd
773,interactive,2024-04-26,mp3
774,Re-contextualized,2024-02-26,mp3
775,infrastructure,2024-03-02,mp4
776,global,2024-04-14,wav
777,Multi-tiered,2024-01-08,mp4
778,artificial intelligence,2024-06-14,mp4
779,customer loyalty,2024-05-05,wav
780,hierarchy,2023-12-20,cd
781,Sharable,2024-03-06,mp3
782,database,2023-11-02,mp3
783,optimizing,2023-12-03,wav
784,monitoring,2023-09-06,mp3
785,Streamlined,2023-11-22,mp4
786,cohesive,2023-11-23,cd
787,5th generation,2023-11-17,mp4
788,Polarised,2024-04-23,wav
789,Adaptive,2024-04-09,wav
790,Cross-platform,2024-01-20,cd
791,Streamlined,2024-01-23,mp3
792,object-oriented,2024-02-02,mp4
793,systemic,2024-02-11,wav
794,explicit,2023-09-29,mp3
795,analyzing,2024-06-07,wav
796,Reverse-engineered,2024-02-10,mp4
797,neutral,2024-05-25,mp3
798,extranet,2024-02-05,cd
799,executive,2024-06-11,cd
800,Graphic Interface,2024-02-18,wav
801,system engine,2024-04-06,cd
802,Organized,2024-06-07,wav
803,migration,2024-01-26,mp3
804,24 hour,2024-02-10,cd
805,interface,2024-01-30,wav
806,parallelism,2023-08-11,cd
807,capacity,2024-01-17,mp4
808,policy,2024-02-08,cd
809,Up-sized,2023-10-24,wav
810,User-friendly,2023-06-21,mp4
811,neutral,2023-10-20,mp3
812,contextually-based,2024-02-13,wav
813,Future-proofed,2024-01-23,wav
814,modular,2023-11-20,mp4
815,Optional,2023-07-22,cd
816,Cloned,2023-10-15,mp3
817,hierarchy,2023-08-13,wav
818,Assimilated,2023-12-25,cd
819,fresh-thinking,2024-03-11,mp3
820,hybrid,2024-02-25,wav
821,mobile,2023-10-25,mp3
822,Cross-platform,2024-01-11,mp3
823,Digitized,2023-08-21,mp3
824,didactic,2024-02-17,mp3
825,process improvement,2023-08-02,mp4
826,extranet,2023-08-09,mp3
827,non-volatile,2023-12-24,mp4
828,3rd generation,2024-01-11,mp4
829,Customer-focused,2024-04-28,mp4
830,User-friendly,2024-02-07,mp3
831,scalable,2023-06-29,mp3
832,zero administration,2024-06-01,cd
833,explicit,2023-09-15,wav
834,open architecture,2024-06-14,wav
835,local area network,2024-03-24,mp4
836,Self-enabling,2023-12-04,wav
837,service-desk,2023-09-11,wav
838,access,2024-06-07,mp4
839,Centralized,2024-05-24,mp3
840,interface,2024-03-20,mp3
841,intranet,2024-02-09,cd
842,fault-tolerant,2024-04-25,mp3
843,Assimilated,2023-10-05,mp4
844,customer loyalty,2024-05-07,cd
845,knowledge base,2023-07-28,wav
846,executive,2023-10-25,wav
847,upward-trending,2024-05-25,mp3
848,Open-architected,2024-03-06,cd
849,Stand-alone,2023-11-09,wav
850,global,2023-12-12,mp3
851,stable,2023-09-18,mp3
852,executive,2023-07-12,mp4
853,bandwidth-monitored,2023-10-12,cd
854,process improvement,2023-12-27,mp3
855,Business-focused,2024-03-05,cd
856,De-engineered,2024-06-03,wav
857,Organized,2023-12-21,cd
858,info-mediaries,2024-05-30,wav
859,Programmable,2023-09-29,wav
860,Customizable,2023-07-25,mp4
861,well-modulated,2024-05-06,cd
862,Re-contextualized,2024-04-13,cd
863,Enterprise-wide,2023-06-23,mp3
864,Devolved,2023-09-06,wav
865,access,2023-09-10,mp4
866,disintermediate,2024-03-24,mp3
867,Mandatory,2024-05-04,cd
868,stable,2024-05-22,wav
869,Horizontal,2024-04-28,mp4
870,superstructure,2023-11-19,cd
871,zero defect,2023-11-13,cd
872,adapter,2024-05-19,mp3
873,archive,2023-12-28,mp3
874,incremental,2023-11-22,wav
875,protocol,2024-06-16,wav
876,Ergonomic,2024-05-25,wav
877,pricing structure,2024-01-06,mp3
878,infrastructure,2023-10-03,wav
879,composite,2024-06-16,wav
880,methodology,2023-11-19,mp3
881,tangible,2023-10-08,mp4
882,Centralized,2023-12-30,wav
883,attitude,2024-02-02,wav
884,composite,2023-06-30,cd
885,client-server,2023-07-22,mp3
886,client-driven,2023-06-18,mp3
887,directional,2024-03-07,mp3
888,neutral,2023-12-10,mp4
889,parallelism,2023-09-23,cd
890,24 hour,2023-08-21,mp4
891,paradigm,2024-05-04,mp4
892,Multi-channelled,2024-01-31,mp4
893,middleware,2023-08-06,wav
894,client-server,2023-12-25,wav
895,help-desk,2023-09-08,wav
896,disintermediate,2023-11-14,cd
897,archive,2023-07-26,wav
898,Fundamental,2024-01-19,mp4
899,task-force,2024-04-19,mp4
900,function,2024-04-08,mp3
901,dedicated,2023-10-11,wav
902,Re-contextualized,2023-10-12,mp4
903,demand-driven,2024-03-18,cd
904,Assimilated,2024-01-31,wav
905,transitional,2023-06-28,wav
906,bandwidth-monitored,2024-01-15,mp4
907,uniform,2023-10-19,cd
908,policy,2023-10-31,cd
909,bandwidth-monitored,2024-01-24,cd
910,Balanced,2024-04-11,mp4
911,Progressive,2024-06-04,mp4
912,local area network,2024-01-10,wav
913,service-desk,2023-11-03,cd
914,system-worthy,2024-02-29,cd
915,adapter,2023-12-30,mp3
916,Configurable,2023-07-19,mp3
917,Grass-roots,2023-11-17,mp4
918,Re-engineered,2024-02-01,cd
919,Digitized,2024-06-02,cd
920,task-force,2023-08-27,mp4
921,functionalities,2023-08-27,cd
922,Fully-configurable,2023-10-27,mp4
923,model,2023-07-03,mp3
924,web-enabled,2023-09-22,wav
925,content-based,2024-02-17,mp4
926,contextually-based,2023-09-06,mp4
927,logistical,2023-09-17,wav
928,throughput,2023-12-21,wav
929,adapter,2024-02-22,wav
930,archive,2024-05-13,mp4
931,Inverse,2024-03-01,mp4
932,neutral,2023-10-01,mp3
933,Extended,2023-10-25,mp4
934,bottom-line,2024-04-17,wav
935,needs-based,2024-03-17,cd
936,orchestration,2024-06-13,wav
937,toolset,2024-03-21,mp3
938,Fundamental,2024-03-31,wav
939,collaboration,2024-02-23,cd
940,Customer-focused,2024-06-01,mp3
941,Business-focused,2023-07-11,wav
942,executive,2023-08-21,mp4
943,customer loyalty,2023-10-12,mp4
944,actuating,2023-08-19,wav
945,hybrid,2024-06-11,mp3
946,Cross-platform,2023-12-31,wav
947,Devolved,2023-10-07,wav
948,heuristic,2023-12-24,mp3
949,system-worthy,2023-11-05,mp3
950,well-modulated,2024-06-10,mp4
951,Open-architected,2023-09-19,mp3
952,Seamless,2023-12-27,mp3
953,Face to face,2024-04-13,wav
954,fresh-thinking,2023-08-17,mp4
955,database,2023-06-29,cd
956,workforce,2023-09-22,cd
957,conglomeration,2023-07-21,mp4
958,toolset,2023-07-15,cd
959,solution,2023-10-07,wav
960,system-worthy,2024-02-15,cd
961,framework,2023-10-16,mp3
962,parallelism,2024-03-22,wav
963,Quality-focused,2023-11-02,mp3
964,zero defect,2023-11-28,cd
965,Reverse-engineered,2023-09-29,cd
966,Open-architected,2023-07-14,wav
967,tangible,2024-04-26,cd
968,core,2023-07-21,cd
969,clear-thinking,2024-05-19,mp3
970,task-force,2024-04-18,cd
971,responsive,2024-04-06,mp4
972,24 hour,2023-11-14,cd
973,solution-oriented,2024-01-27,wav
974,leverage,2023-12-10,mp3
975,budgetary management,2023-08-29,mp4
976,Monitored,2023-12-08,mp4
977,human-resource,2024-01-17,mp3
978,Optimized,2023-11-11,mp3
979,Devolved,2023-08-12,mp3
980,framework,2023-07-21,wav
981,Customer-focused,2023-07-11,cd
982,holistic,2024-05-13,mp4
983,Reactive,2023-07-31,wav
984,emulation,2024-04-26,mp3
985,zero defect,2024-01-21,mp3
986,budgetary management,2023-10-16,mp4
987,Enhanced,2023-11-10,cd
988,infrastructure,2023-09-14,cd
989,incremental,2024-01-06,mp3
990,moderator,2024-05-16,mp3
991,User-centric,2023-11-10,mp3
992,dynamic,2023-09-16,mp3
993,software,2023-10-10,mp3
994,conglomeration,2024-04-25,mp3
995,orchestration,2023-12-02,mp3
996,benchmark,2023-08-28,cd
997,forecast,2023-06-28,cd
998,Focused,2023-10-31,mp3
999,productivity,2023-12-25,mp4
1000,Open-architected,2023-07-14,wav
