song_id,title,album_id,creator
1,Crab-eating raccoon,1,Clarie Davidsen
2,"Heron, boat-billed",2,Titos Swannick
3,"Brocket, brown",3,Brittan Southgate
4,Cuis,4,Rheta Cufflin
5,Giant heron,5,Tessy Cater
6,Grey phalarope,6,Saloma Bovey
7,Black-crowned night heron,7,Darrin Ornils
8,"Hyena, brown",8,Monte Maryman
9,Tiger cat,9,Nil Burthom
10,"Fox, blue",10,Marinna Dast
11,"Plover, blacksmith",11,Renate Vlies
12,Four-striped grass mouse,12,Jaymee Freak
13,"Boa, columbian rainbow",13,Jeniece Honack
14,Spotted deer,14,Janessa Bengough
15,Greater rhea,15,Kerrill Schleswig-Holstein
16,"Cat, african wild",16,Lutero Shergold
17,Crowned eagle,17,Huey Giovannazzi
18,Swallow (unidentified),18,Anjanette Boreham
19,"Bee-eater, carmine",19,Wilek Dilks
20,"Lion, asian",20,Nat Wager
21,"Hornbill, leadbeateri's ground",21,Jodi Stainland
22,Guerza,22,Eldredge Scarsbrick
23,Indian tree pie,23,Goddard Giraudot
24,"Turtle, snake-necked",24,Evelyn Baldacchi
25,"Squirrel, pine",25,Arline Colleck
26,"Rattlesnake, eastern diamondback",26,Charmian Seed
27,"Badger, european",27,Randolph Lowne
28,Jabiru stork,28,Dorine Gallyon
29,"Sandgrouse, yellow-throated",29,Rhea Ranyelld
30,White-throated monitor,30,Sharline Ausello
31,Red-tailed cockatoo,31,Tammy Hedde
32,Rhesus macaque,32,Tobias Earsman
33,"Sloth, two-toed tree",33,See Easterling
34,"Stork, jabiru",34,Leicester Kellick
35,African porcupine,35,Jasmin Kenworthey
36,Blesbok,36,Lanny Leifer
37,"Crane, wattled",37,Butch Marrable
38,"Wolf, timber",38,Madge Cockcroft
39,Gray rhea,39,Marje Wendover
40,"Gull, dusky",40,Tiertza Musslewhite
41,African bush squirrel,41,Edin Ferres
42,"Gull, kelp",42,Suzette Ber
43,Red-winged blackbird,43,Birch Farahar
44,"Dolphin, common",44,Elie Adess
45,Common waterbuck,45,Bartholomeus Keary
46,"Robin, white-throated",46,Tandie Dugan
47,"Crane, brolga",47,Alfi Dannatt
48,"Tortoise, burmese black mountain",48,Emery Metschke
49,"Alligator, mississippi",49,Iris Scurrey
50,Gray langur,50,Piotr Itzhayek
51,"Capuchin, weeper",51,Sigfrid Classen
52,Eastern dwarf mongoose,52,Kurtis Cabane
53,"Zorro, common",53,Bryna Shailer
54,"Squirrel, european red",54,Arlinda Nend
55,Four-horned antelope,55,Rafa O' Hogan
56,"Turtle, snake-necked",56,Moira Gierek
57,Collared lemming,57,Petr Urling
58,Mallard,58,Ferris Plumstead
59,White-nosed coatimundi,59,Trever Rainer
60,Tropical buckeye butterfly,60,Gilbert Saffell
61,"Oryx, fringe-eared",61,Nonah Kellick
62,"Snake, buttermilk",62,Elsinore O' Mullane
63,"Stork, jabiru",63,Slade Robun
64,"Mynah, indian",64,Dalt Riding
65,Black spider monkey,65,Hanna Skillings
66,Galapagos mockingbird,66,Meredith Macellar
67,Little cormorant,67,Arny Donnison
68,Bush dog,68,Clarey Wetherick
69,Spotted hyena,69,Jeromy Reeves
70,Golden eagle,70,Gertruda Handscombe
71,"Dragon, ornate rock",71,Dylan Garvagh
72,"Deer, white-tailed",72,Arlyne Jewson
73,"Skunk, western spotted",73,Jenni Camber
74,"Albatross, waved",74,Cheri Corah
75,"Possum, western pygmy",75,Adolpho Korpal
76,"Fox, blue",76,Perrine O'Cahsedy
77,"Zorro, azara's",77,Carmelina Tallboy
78,Brush-tailed phascogale,78,Kahlil Roebuck
79,Brolga crane,79,Kiele Glazier
80,Monitor lizard (unidentified),80,Nels Borthe
81,Common grenadier,81,Megen Rosin
82,"Civet, common palm",82,Ramsey Lorence
83,Little grebe,83,Tracie Waszczykowski
84,"Anteater, australian spiny",84,Griffy Massey
85,"Vulture, egyptian",85,Richart Newtown
86,"Seal, common",86,Jenilee Clifft
87,"Alligator, mississippi",87,Wilton Humerstone
88,Musk ox,88,Mordecai Kersting
89,"Puffin, horned",89,Enrique Lathee
90,Asian foreset tortoise,90,Hubert Amys
91,"Otter, small-clawed",91,Hendrika Fernely
92,"Bat, madagascar fruit",92,Karel Skerritt
93,African pied wagtail,93,Madel Pettegre
94,"Tortoise, radiated",94,Halie Bruniges
95,"Jackal, golden",95,Temple Dempsey
96,"Stork, painted",96,Wittie Bowry
97,Python (unidentified),97,Evanne Celle
98,Cougar,98,Ase Linggard
99,Southern boubou,99,Allys Corner
100,"Cow, scottish highland",100,Demeter Markwelley
101,"Bear, american black",101,Justin Scanterbury
102,Hoary marmot,102,Carolyn Ferenc
103,Blue waxbill,103,Ruthi Baildon
104,"Goose, snow",104,Shanan Woolstenholmes
105,"Sheep, american bighorn",105,Mauricio Barkworth
106,Ground monitor (unidentified),106,Queenie Kroll
107,Leopard,107,Dyna Sacker
108,Blue wildebeest,108,Mary Hulk
109,Black-backed jackal,109,Bellanca Marler
110,Black-crowned crane,110,Sophi Thorogood
111,"Egret, cattle",111,Ravi Dimitrijevic
112,"Kangaroo, eastern grey",112,Carlina Edmunds
113,Lily trotter,113,Heriberto Blew
114,Bengal vulture,114,Carlyn Egentan
115,Blue and gold macaw,115,Shepard Jebb
116,Burmese black mountain tortoise,116,Joete Sevin
117,Fringe-eared oryx,117,Sisile Rankmore
118,"Python, carpet",118,Zara Spracklin
119,Manatee,119,Ola Cremins
120,Kafue flats lechwe,120,Sarene Crowley
121,Lesser mouse lemur,121,Eziechiele Blaze
122,Large cormorant,122,Ripley Goodee
123,American crow,123,Barrie Gaffney
124,"Possum, common brushtail",124,Robinet Bonner
125,Arboral spiny rat,125,Chaddie O'Boyle
126,Small-clawed otter,126,Robers Eckly
127,King cormorant,127,Florida Armsden
128,"Squirrel, eastern fox",128,Jandy Mundall
129,"Gazelle, thomson's",129,Artemas Davidzon
130,Galapagos hawk,130,Kelcy Barrable
131,Black spider monkey,131,Greggory Grimsey
132,"Hedgehog, south african",132,Garvey Colthurst
133,American marten,133,Lucine Della
134,Black-necked stork,134,Raimund Fairfoot
135,Polar bear,135,Pippa Ealam
136,"Hyena, spotted",136,Teodoor Baglin
137,Bald eagle,137,Celinda Howsego
138,Arctic hare,138,Prescott Foot
139,"Fox, blue",139,Jeddy Mompesson
140,"Crow, pied",140,Whitney Sainz
141,Mexican wolf,141,Herbie Powter
142,Crab (unidentified),142,Saleem Antoniak
143,African porcupine,143,Sunny Shepperd
144,Jaguarundi,144,Cynde Danes
145,"Cockatoo, sulfur-crested",145,Elysee Matijevic
146,"Eagle, bald",146,Wendie Kerner
147,"Pelican, brown",147,Sandye Iggalden
148,"Dolphin, common",148,Briney Sagrott
149,White-fronted bee-eater,149,Nanete Mussotti
150,Black-throated butcher bird,150,Dedra Pellamonuten
151,"Monkey, rhesus",151,Kary Spearing
152,Great white pelican,152,Elva Godier
153,"Pelican, australian",153,Tabby Loble
154,Numbat,154,Jarrett Wellbelove
155,"Wallaby, river",155,Jerrilee Beardmore
156,"Deer, savannah",156,Haydon Corse
157,Red-billed tropic bird,157,Ludovico Bartolomieu
158,Blue-tongued lizard,158,Corney Bandiera
159,"Loris, slender",159,Weider Sandes
160,Common langur,160,Eddy Castiblanco
161,Barasingha deer,161,Wittie Oles
162,"Bettong, brush-tailed",162,Rosie Cruddas
163,"Avocet, pied",163,Trevar Kerbler
164,Blue-tongued skink,164,Chelsie Dorrell
165,"Cat, ringtail",165,Adrienne Force
166,"Duck, comb",166,Ed Tumulty
167,"Goose, greylag",167,Mariele Dalzell
168,South African hedgehog,168,Dewitt McGoogan
169,Common genet,169,Ashia Checklin
170,African fish eagle,170,Carny Syder
171,Common long-nosed armadillo,171,Seumas McKinnon
172,American alligator,172,Dian Derby
173,Brown lemur,173,Chevy Melland
174,Blue and gold macaw,174,Albertina Warke
175,Roan antelope,175,Leah Keling
176,Crested bunting,176,Zacharias Spurier
177,Southern brown bandicoot,177,Anatola Yushachkov
178,Dromedary camel,178,Padriac D'Elia
179,"Flicker, campo",179,Amalee Keyes
180,Clark's nutcracker,180,Corrina Lambertazzi
181,Common grenadier,181,Hildegarde Rouge
182,Southern black-backed gull,182,Rowen Casin
183,Egyptian vulture,183,Town Petrescu
184,Warthog,184,Ethelda Mottershead
185,Common zebra,185,Dillon Qualtrough
186,"Cardinal, red-capped",186,Almeda Ayton
187,Yak,187,Wayne Yakutin
188,"Monster, gila",188,Aluin Adamsky
189,"Wallaby, euro",189,Sigismundo Paskerful
190,Leopard,190,Mireielle Lockie
191,Urial,191,Casper Vannet
192,Tyrant flycatcher,192,Korella Yurukhin
193,"Cockatoo, sulfur-crested",193,Liuka Darington
194,Sacred ibis,194,Leann Clemont
195,Swallow (unidentified),195,Eldon Cuppitt
196,Mexican beaded lizard,196,Tine Graben
197,"Sloth, two-toed",197,Karina Moulsdale
198,"Dunnart, fat-tailed",198,Rowney Vousden
199,"Phalarope, red-necked",199,Emmit O'Connel
200,"Monkey, vervet",200,Milka Voff
201,"Baboon, savanna",201,Druci Lackmann
202,Mouflon,202,Pancho Klimpke
203,Chital,203,Dionysus Soane
204,"Waxbill, black-cheeked",204,Agnella Artist
205,Land iguana,205,Jarrad Longstaff
206,Fringe-eared oryx,206,Gwennie Van Weedenburg
207,Little brown bat,207,Cleopatra Cheney
208,Western patch-nosed snake,208,Audry Haugeh
209,Mara,209,Ignacio Hockey
210,"Owl, great horned",210,Kevina Auld
211,"Tortoise, radiated",211,Cammi Brashier
212,Ring-tailed lemur,212,Dannie Eates
213,Kinkajou,213,Shayne Guyet
214,Bateleur eagle,214,Electra McCormick
215,Ground legaan,215,Veriee Broune
216,Native cat,216,Frannie Brookshaw
217,Stanley crane,217,Moore Edensor
218,Coqui francolin,218,Lorette Coultard
219,"Waterbuck, defassa",219,Hyman Valti
220,North American beaver,220,Porter Greensall
221,Yellow-headed caracara,221,Cristabel Challender
222,"Lion, south american sea",222,Clayson Spering
223,"Raccoon, crab-eating",223,Loy Pidgley
224,"Ox, musk",224,Theo MacAnelley
225,Bontebok,225,Analise Motion
226,Brazilian tapir,226,Alix Bittany
227,"Glider, squirrel",227,Georas Lugard
228,"Booby, blue-footed",228,Teodora Lohrensen
229,"Snake, western patch-nosed",229,Hastings Sherwyn
230,Ferruginous hawk,230,Lowe Williment
231,Sally lightfoot crab,231,Sherlocke Ockland
232,"Macaw, blue and gold",232,Myles Felce
233,"Siskin, pine",233,Reggis Betjes
234,Sarus crane,234,Shadow Winram
235,Black-throated butcher bird,235,Wheeler Thomsen
236,"Gecko, barking",236,Abby Ghiriardelli
237,Indian leopard,237,Zebulon Laity
238,Prairie falcon,238,Zolly McKimmie
239,"Brocket, brown",239,Nariko Andras
240,"Mynah, indian",240,Chic Georgelin
241,"Goose, canada",241,Evelyn Jaye
242,Ring-tailed gecko,242,Bald Estoile
243,"Phascogale, red-tailed",243,Cynthy Minico
244,European red squirrel,244,Lurette Oakton
245,"Tortoise, indian star",245,Neely Breakwell
246,"Cliffchat, mocking",246,Alisun Jorio
247,Cobra (unidentified),247,Archibald Skellion
248,"Zebra, common",248,Rozalin Tuddenham
249,"Owl, australian masked",249,Kalil Medendorp
250,"Dolphin, common",250,Waneta Warbey
251,"Elephant, african",251,Harlen McIvor
252,Mandras tree shrew,252,Carmina Brickham
253,Golden brush-tailed possum,253,Edin Ollerton
254,Kirk's dik dik,254,Rasla Kleehuhler
255,Honey badger,255,Torrey Kubes
256,Green heron,256,Padraic Goddert.sf
257,"Phascogale, brush-tailed",257,Royal Bettison
258,European spoonbill,258,Bevan Quimby
259,"Buffalo, american",259,Rosemary Goudge
260,"Francolin, swainson's",260,Ernestus Zavattero
261,Asian lion,261,Cris Lait
262,Blue and gold macaw,262,Mackenzie Pearton
263,"Dolphin, common",263,Adrienne Daniels
264,Moose,264,Michelina Witsey
265,Trumpeter swan,265,Melony Canby
266,African fish eagle,266,Lavinie Guerrieri
267,"Macaque, bonnet",267,Bernardine Corner
268,Black-capped capuchin,268,Gabey Stanbridge
269,Harbor seal,269,Deeyn Snipe
270,Crowned hawk-eagle,270,Ajay Shayes
271,Giant heron,271,Izaak Lacotte
272,Cape fox,272,Shandy Crevy
273,Coke's hartebeest,273,Murdock Bines
274,Anaconda (unidentified),274,Laurence Arnatt
275,Moose,275,Lillian Gethin
276,Springbuck,276,Carlen Grzeskowski
277,Grey fox,277,Nevin Le Marquand
278,"Duiker, gray",278,Pippa Puffett
279,"Peacock, blue",279,Ira Ivankin
280,Sulfur-crested cockatoo,280,Susy Karolyi
281,"Gazelle, thomson's",281,Broddy Semerad
282,"Flamingo, greater",282,Herb McKoy
283,"Quoll, eastern",283,Delilah Lomasny
284,White-fronted capuchin,284,Evin Bruhnicke
285,Kaffir cat,285,Terza Mulliss
286,Yellow mongoose,286,Glori Schleswig-Holstein
287,"Boubou, southern",287,Rodolph Lowten
288,Steller sea lion,288,Miriam Welton
289,Radiated tortoise,289,Jenilee Medd
290,Red-capped cardinal,290,Crysta Roebuck
291,Common goldeneye,291,Pierson Blakeden
292,Jaguarundi,292,Meridel Cowx
293,Common boubou shrike,293,Georgette Minger
294,"Baboon, chacma",294,Benedick Harston
295,"Stork, marabou",295,Shaun Kamen
296,"Armadillo, seven-banded",296,Amalle Frankiss
297,Pale-throated three-toed sloth,297,Jolie Nussey
298,Hummingbird (unidentified),298,Gabi Bysshe
299,"Cormorant, large",299,Beck Sewart
300,Cheetah,300,Eldon Boag
301,"Lion, california sea",301,Gilligan Guitt
302,Black-faced kangaroo,302,Fidelity Blockey
303,Least chipmunk,303,Ninetta Ebbens
304,"Hartebeest, coke's",304,Sari Dahl
305,"Crane, stanley",305,Joel Dye
306,Great white pelican,306,Marys Union
307,Vervet monkey,307,Ofella Roston
308,"Deer, savannah",308,Sammy Chester
309,"Otter, oriental short-clawed",309,Blaire Madigan
310,"Wallaby, agile",310,Cedric Guthrie
311,Mudskipper (unidentified),311,Norene Vidloc
312,"Lemur, grey mouse",312,Giusto Pleming
313,"Kangaroo, red",313,Leslie Magog
314,"Peccary, collared",314,Zonnya Itzkovitch
315,Agouti,315,Irene Jansie
316,Red-billed hornbill,316,Vick Pettingall
317,Yellow-crowned night heron,317,Micky Illyes
318,"Seal, common",318,Moina Deeley
319,"Badger, american",319,Blinni Brood
320,"Colobus, white-mantled",320,Tallulah Cello
321,Mocking cliffchat,321,Anselma Sedworth
322,Water legaan,322,Ivonne Skeath
323,Common nighthawk,323,Cayla Jex
324,Sugar glider,324,Di Madre
325,Wood pigeon,325,Druci Cawt
326,Bottle-nose dolphin,326,Sibyl Bellwood
327,Puma,327,Kessia Sharpling
328,Black-faced kangaroo,328,Ilario MacDonough
329,"Monkey, vervet",329,Bella Brandle
330,Greylag goose,330,Deane Weightman
331,"Mongoose, small indian",331,Griselda Simoncelli
332,Marabou stork,332,Flynn Pallis
333,"Lion, asian",333,Jens Bonnor
334,Four-horned antelope,334,Sheri Pavyer
335,"Dragonfly, russian",335,Kalinda Gorges
336,Steller's sea lion,336,Carrie Liddon
337,Ring-tailed possum,337,Paulie Wroughton
338,White-faced tree rat,338,Ben Gerrell
339,"Otter, north american river",339,Ingra O'Leagham
340,Ferruginous hawk,340,Melly Lachaize
341,Rhesus macaque,341,Eryn Broadley
342,Slender loris,342,Lucina Bailles
343,"Beaver, eurasian",343,Jarad Rubbens
344,Scaly-breasted lorikeet,344,Kingsley Scotford
345,"Stork, black-necked",345,Albie McGerr
346,Eastern quoll,346,Kym Batrick
347,Common melba finch,347,Lenci Cavill
348,"Lizard, collared",348,Melicent Stanlick
349,"Sloth, two-toed tree",349,Chiquita Toland
350,Brown antechinus,350,Jeralee Teesdale
351,White-tailed jackrabbit,351,Veda McAvin
352,"Possum, western pygmy",352,Estelle Heak
353,African clawless otter,353,Ariadne Sheer
354,"Weaver, white-browed sparrow",354,Ardys Hendrickx
355,"Bird, red-billed tropic",355,Niel Keems
356,"Rhea, greater",356,Travis Lygo
357,"Rhea, common",357,Bay Oliphard
358,"Lizard, desert spiny",358,Bowie Cawthera
359,Arctic lemming,359,Brodie Castellini
360,"Admiral, indian red",360,Lela Garter
361,"Skunk, striped",361,Lem Criag
362,"Hen, sage",362,Loralyn Sill
363,"Ibis, puna",363,Lonee Jell
364,Snow goose,364,Janaya Pummery
365,"Stork, european",365,Flss Fleetham
366,Blue fox,366,Silvio Burgyn
367,"Genet, common",367,Perla Mummery
368,Blue fox,368,Cherilyn McCreagh
369,Elegant crested tinamou,369,Miranda Goscar
370,"Pheasant, common",370,Andeee Antoniat
371,Common turkey,371,Kerry McCaig
372,King cormorant,372,Sarine Henaughan
373,Whip-tailed wallaby,373,Martyn Addington
374,"Otter, oriental short-clawed",374,Zeb Cumming
375,Black spider monkey,375,Emmy Imesson
376,"Parakeet, rose-ringed",376,Calv Barrows
377,"Cow, scottish highland",377,Whitney Sharrem
378,"Otter, north american river",378,Sofie Moneypenny
379,"Grouse, sage",379,Adela Depka
380,"Francolin, swainson's",380,Donella Brave
381,"Meerkat, red",381,Bryce Warwicker
382,"Waxbill, blue",382,Cristina Blakebrough
383,"Vulture, oriental white-backed",383,Chrysler Neat
384,Snowy sheathbill,384,Huntington Conisbee
385,Pronghorn,385,Karlotte Coate
386,"Fox, silver-backed",386,Eada Dowbekin
387,"Lizard, blue-tongued",387,Rodolphe Kiggel
388,"Fox, arctic",388,Lonnie Simione
389,Magellanic penguin,389,Sophronia Pyott
390,"Kangaroo, black-faced",390,Gage Bellson
391,"Camel, dromedary",391,Zeke Guilayn
392,"Bat, madagascar fruit",392,Lusa Leap
393,"Possum, common brushtail",393,Rhianna Ballance
394,Eastern box turtle,394,Clerkclaude Grisard
395,Black kite,395,Kial Wordesworth
396,"Legaan, Monitor (unidentified)",396,Sascha Larvent
397,"Vulture, oriental white-backed",397,Imojean Pierro
398,"Cormorant, king",398,Kessiah Hankey
399,Puku,399,Latisha Hardistry
400,Musk ox,400,Cole Barrett
401,"Salmon, sockeye",401,Cornall Gioani
402,"Wallaby, tammar",402,Lucho Lowrey
403,Burmese brown mountain tortoise,403,Constancia Coulthart
404,Llama,404,Hasty Donke
405,Common long-nosed armadillo,405,Lou Lowndsbrough
406,"Polecat, african",406,Laina Panniers
407,Great cormorant,407,Otis Gresley
408,Madagascar hawk owl,408,Camilla Skellon
409,"Opossum, american virginia",409,Joelly Merit
410,Gulls (unidentified),410,Marianne Shaudfurth
411,Timber wolf,411,Heloise Rudledge
412,Cape fox,412,Barty Robke
413,"Heron, little",413,Briney Bogey
414,White-bellied sea eagle,414,Gordan Severwright
415,Chacma baboon,415,Thadeus Krol
416,Burchell's gonolek,416,Horst Tegeller
417,"Iguana, common green",417,Carlee Grabham
418,"Tapir, brazilian",418,Haily Crusham
419,Puna ibis,419,Clemens Brownsmith
420,Indian peacock,420,Remington Mettricke
421,"Rhinoceros, white",421,Tracie Hammerson
422,Grison,422,Britt Glasheen
423,Great white pelican,423,Romeo O'Curran
424,Pacific gull,424,Kathy Nelane
425,"Booby, blue-faced",425,Angela Tallet
426,"Heron, giant",426,Gerick MacBain
427,"Bird, magnificent frigate",427,Forrest Colquhoun
428,"Cat, native",428,Lyndell Magnus
429,Defassa waterbuck,429,Tremayne Matteris
430,Brindled gnu,430,Rainer Record
431,"Rattlesnake, eastern diamondback",431,Sim Bardill
432,"Stork, yellow-billed",432,Sibylla Weathey
433,"Stork, marabou",433,Normie McGeneay
434,Gulls (unidentified),434,Pamella Goburn
435,Red-billed toucan,435,Hannis Seiter
436,"Flycatcher, tyrant",436,Brook Kearle
437,Purple grenadier,437,Jessalyn Kemery
438,"Kite, black",438,Martyn Vedntyev
439,"Ibis, glossy",439,Lonni Scrane
440,"Monkey, rhesus",440,Gerry Wharrier
441,"Cormorant, neotropic",441,Emmery Hasel
442,"Macaque, bonnet",442,Ainslee Amor
443,Gulls (unidentified),443,Culver Erbe
444,"Barbet, black-collared",444,Flss Pipkin
445,"Dove, little brown",445,Theadora Hubbocks
446,African skink,446,Alric Colpus
447,Hyrax,447,Heath Laffling
448,Musk ox,448,Giustino Middas
449,Little blue penguin,449,Mela Greep
450,Topi,450,Teodoro Bubeer
451,"Crane, sarus",451,Laureen Jennens
452,"Squirrel, smith's bush",452,Sutherlan Pead
453,"Monkey, red howler",453,Erastus Cullnean
454,Bennett's wallaby,454,Bennett Ovens
455,Oribi,455,Caro Wayper
456,Asian red fox,456,Base Terram
457,"Boa, columbian rainbow",457,Gibbie Cauley
458,Red and blue macaw,458,Tammie Garfoot
459,Crowned eagle,459,Trixi Bonnaire
460,"Mynah, common",460,Liane MacKenny
461,"Tamandua, southern",461,Maxwell Sambath
462,"White-eye, cape",462,Ingamar Raubenheim
463,"Heron, grey",463,Estrella Clopton
464,Tiger cat,464,Cordell Goodchild
465,"Bison, american",465,Brittney Vernay
466,Giant girdled lizard,466,Kristine Bewlay
467,Common melba finch,467,Mattias Carverhill
468,"Elephant, asian",468,Salome Brien
469,"Otter, canadian river",469,Julian Kupec
470,Brown pelican,470,Janifer Arter
471,"Whale, killer",471,Pauline Clark
472,Black kite,472,Sapphira Dreschler
473,"Antelope, sable",473,Modesty Smewin
474,"Bat, asian false vampire",474,Jeanelle Eul
475,Sloth bear,475,Georgie Baudi
476,King cormorant,476,Nicole Dunstone
477,Carmine bee-eater,477,Preston Dunham
478,Glossy starling (unidentified),478,Des Nutbeem
479,"Pie, indian tree",479,Axel Vogeller
480,Numbat,480,Shayne Chatwin
481,"Swan, trumpeter",481,Art Bonsey
482,"Squirrel, pine",482,Georgia Dillet
483,"Toucan, white-throated",483,Rochella Coard
484,Two-toed sloth,484,Joellen Brookson
485,Common rhea,485,Reamonn Seefus
486,Common rhea,486,Arny Leftridge
487,White-throated toucan,487,Cordula Maplestone
488,American buffalo,488,Junette Wasmuth
489,Bee-eater (unidentified),489,Yasmin Menelaws
490,American alligator,490,Renado Demageard
491,Pronghorn,491,Ross Sworne
492,Rose-ringed parakeet,492,Holly-anne Bonsey
493,"Vulture, egyptian",493,Ynez Gavini
494,"Deer, savannah",494,Guendolen D'Angeli
495,Coqui francolin,495,Zarla Cardenoso
496,Crowned hawk-eagle,496,Bernelle Siss
497,"Cat, jungle",497,Evy Van Saltsberg
498,Collared peccary,498,Kristal Grew
499,"Eagle, tawny",499,Ardith Frederick
500,Kori bustard,500,Koren Lockery
501,"Cat, toddy",501,Asia Dobney
502,Spotted-tailed quoll,502,Ambros Royds
503,Asian water dragon,503,Glenda Bromwich
504,Small-spotted genet,504,Joshia Jordi
505,"Tarantula, salmon pink bird eater",505,Kamillah Sanbrook
506,Black curlew,506,Nerte Pennycord
507,"Baboon, yellow",507,Monro Eisig
508,"Dragon, netted rock",508,Vladamir Forsythe
509,Gila monster,509,Brandise Merricks
510,Platypus,510,Jerrome Celloni
511,"Weaver, chestnut",511,Mora Garfield
512,Small Indian mongoose,512,Barty Eastcott
513,Canadian river otter,513,Fairleigh Linnemann
514,Bottle-nose dolphin,514,Lincoln Gumme
515,African wild dog,515,Allen Cuthill
516,Cape wild cat,516,Audie Bilsford
517,"Darter, african",517,Frasquito Demchen
518,"Beaver, european",518,Concordia Dossantos
519,Jungle kangaroo,519,Selie Steele
520,Red-winged hawk (unidentified),520,Gonzales Reightley
521,"Kingfisher, white-throated",521,Claretta Spiniello
522,"Butterfly, canadian tiger swallowtail",522,Lorinda Burrows
523,Roseate cockatoo,523,Eliot Hars
524,Gray duiker,524,Norbie Forcade
525,White-browed owl,525,Thia Pareman
526,"Colobus, white-mantled",526,Tamas Bradder
527,Indian leopard,527,Lucilia Presnail
528,Ringtail,528,Kendre Tolcher
529,Agouti,529,Inga Goricke
530,Prehensile-tailed porcupine,530,Ephrayim Cottier
531,Barking gecko,531,Chrysa Linney
532,Cape raven,532,Susette Wittke
533,"Cormorant, great",533,Corrine Ivanichev
534,Red brocket,534,Alana Stronach
535,Two-toed sloth,535,Vivian Terbeck
536,"Booby, blue-footed",536,Maurie Northcott
537,"Cormorant, large",537,Ragnar Tavner
538,"Rattlesnake, eastern diamondback",538,Bamby Heggman
539,Painted stork,539,Ferdinande Findlay
540,"Tern, royal",540,Madelon Lowfill
541,"Jackal, golden",541,Yetta Dillingham
542,Cheetah,542,Giffie Musk
543,Red-shouldered glossy starling,543,Jilly Axup
544,Turkey vulture,544,Lucian Hutfield
545,"Bettong, brush-tailed",545,Fee Scotford
546,Royal tern,546,Pebrook Ewell
547,"Kudu, greater",547,Mano Degli Antoni
548,"Bustard, denham's",548,Arthur Jakab
549,"Snake, buttermilk",549,Candice Aleavy
550,"Squirrel, smith's bush",550,Adrea Kinsett
551,Eastern quoll,551,Marlie Kurtis
552,Hawk-headed parrot,552,Dacie Duffyn
553,"Macaw, red and blue",553,Micki Challin
554,Yellow-crowned night heron,554,Margarethe Simeoli
555,"Gazer, sun",555,Stinky Ghirigori
556,"Deer, swamp",556,Elianore Beeck
557,Sun gazer,557,Jacobo Kebell
558,"Coot, red-knobbed",558,Henriette Aldersley
559,"Avocet, pied",559,Latashia McAuslene
560,"Cormorant, javanese",560,Caritta Grotty
561,Black-capped capuchin,561,Erskine Westmarland
562,Burmese brown mountain tortoise,562,Bobby Nowick
563,"Iguana, common green",563,Kordula Drewett
564,Genoveva,564,Byrle Treasaden
565,White-necked raven,565,Benji Vanin
566,"Creeper, black-tailed tree",566,Tim Leare
567,"Wolf, timber",567,Madison Beagley
568,Mountain goat,568,Virgil Basillon
569,"Squirrel, indian giant",569,Adara Brocklehurst
570,Great white pelican,570,Ellie Kroch
571,"Boa, mexican",571,Franchot Tolworthie
572,Northern phalarope,572,Pierson Hotton
573,"Peacock, blue",573,Ainsley Pauncefort
574,Brush-tailed rat kangaroo,574,Benjamin Tuft
575,Rose-ringed parakeet,575,Jamey Dirr
576,"Teal, hottentot",576,Elliot Denisovo
577,Black spider monkey,577,Eleanor Stairmand
578,Bare-faced go away bird,578,Christabel Story
579,"Woodcock, american",579,Olia Mahody
580,"Nighthawk, common",580,Cirilo Ragate
581,Malabar squirrel,581,Neron Romeril
582,Ringtail,582,Kellia Peschmann
583,Common wolf,583,Ula Radenhurst
584,"Racer, blue",584,Justino Buckel
585,"Vulture, egyptian",585,Brigitte Dace
586,"White-eye, pale",586,Mame Rentcome
587,"Plover, blacksmith",587,Isaak Kaye
588,Black-eyed bulbul,588,Gannie Ishak
589,"Capuchin, brown",589,Hortense Hubbis
590,"Cat, toddy",590,Barbara O'Heffernan
591,Long-tailed spotted cat,591,Way Hrynczyk
592,Eastern quoll,592,Alane Preddle
593,Indian mynah,593,Billie Grafham
594,Golden jackal,594,Ursala Arnauduc
595,"Bee-eater, carmine",595,Kassia Cuthbert
596,"Buffalo, american",596,Rees Dicte
597,Scaly-breasted lorikeet,597,Aldin Clegg
598,Blue wildebeest,598,Auberta Kmiec
599,"Kangaroo, jungle",599,Dunn Towndrow
600,Asiatic wild ass,600,Waylon Collough
601,"Civet, small-toothed palm",601,Bobbee Bendon
602,Python (unidentified),602,Mikey Laudham
603,Caribou,603,Magdaia Tallon
604,"Porcupine, tree",604,Esmeralda Sofe
605,Crowned eagle,605,Malcolm Dudden
606,Galapagos penguin,606,Kaitlin Vellacott
607,Red-breasted cockatoo,607,Emanuele Haskins
608,"Otter, brazilian",608,Federico Crosdill
609,"Goose, egyptian",609,Nicolis Abdey
610,"Wolf, timber",610,Rustin Matelyunas
611,Paradoxure,611,Deloris Wudeland
612,American racer,612,Loralyn Mees
613,"Badger, european",613,Dael Coleridge
614,Blue racer,614,Wolfy Tapply
615,Blue-tongued lizard,615,Raimondo Tissier
616,Yellow-throated sandgrouse,616,Odessa Etchells
617,"Cormorant, great",617,Scarlet Kirby
618,"Jaeger, long-tailed",618,Noble Marmon
619,"Magpie, black-backed",619,Dorthea Demead
620,Prairie falcon,620,Darnall Folley
621,"Pelican, australian",621,Conrado Laraway
622,Malabar squirrel,622,Margarette Cordero
623,Indian jackal,623,Linn McCrea
624,"Hawk, galapagos",624,Aloisia Labell
625,"Stork, jabiru",625,Reggie Flaherty
626,"Seal, northern elephant",626,Clarabelle Beevers
627,"Spider, wolf",627,Vivian Fegan
628,"Lion, mountain",628,Devonna Ozintsev
629,Tasmanian devil,629,Ogden Jakubovits
630,"Monitor, two-banded",630,Valentino Newcomen
631,Yellow baboon,631,Prescott Venes
632,Eleven-banded armadillo (unidentified),632,Candra Wickman
633,Glossy starling (unidentified),633,Barbie Bowdon
634,American crow,634,Thorsten Morville
635,"Falcon, prairie",635,Shelby Liston
636,"Skua, long-tailed",636,Darn Brahmer
637,Campo flicker,637,Norry McAulay
638,Galapagos tortoise,638,Tedra Churches
639,Caracal,639,Charisse Cosby
640,Ovenbird,640,Clementia Westpfel
641,African red-eyed bulbul,641,Bret Pideon
642,White-winged black tern,642,Robers Titchard
643,"Fox, grey",643,Anissa Wimpeney
644,"Bandicoot, southern brown",644,Ailbert Haggleton
645,"Stork, white-necked",645,Jonas Buckles
646,Burchell's gonolek,646,Hobard Maxworthy
647,"Fox, cape",647,Jordana Fairham
648,"Stork, marabou",648,Donnell Niese
649,Trumpeter swan,649,Aileen Minty
650,"Squirrel, grey-footed",650,Roderic Gratland
651,"Tarantula, salmon pink bird eater",651,Rosabella Yitzovitz
652,"Bear, sloth",652,Florinda Dews
653,Brown capuchin,653,Zelig Shoorbrooke
654,Butterfly (unidentified),654,Webster Bradnam
655,Eastern dwarf mongoose,655,Richart Blakeway
656,Kirk's dik dik,656,Odessa Allebone
657,Western grey kangaroo,657,Ryley Tremathick
658,"Lizard, blue-tongued",658,Shea Milham
659,"Nighthawk, common",659,Corri Leftwich
660,Western bearded dragon,660,Jenelle Ungerecht
661,"Hornbill, southern ground",661,Stefania Puddephatt
662,"Rat, white-faced tree",662,Deonne Rumsby
663,"Weaver, red-billed buffalo",663,Giraldo Yallop
664,Bat-eared fox,664,Boot Tiplady
665,"Partridge, coqui",665,Joannes Yerson
666,"Dragon, asian water",666,Vale Wildey
667,"Rhea, greater",667,Frederigo Pailin
668,Carpet snake,668,Odey Dally
669,"Cormorant, pied",669,Shermy Applebee
670,"Whale, long-finned pilot",670,Lesley Ready
671,"Weaver, chestnut",671,Shari Heake
672,Long-tailed skua,672,Allis Docker
673,Rhesus monkey,673,Tish Kapelhof
674,Little blue penguin,674,Dionne Goodrich
675,White-browed sparrow weaver,675,Kirstin Colebourn
676,Red-billed buffalo weaver,676,Lynnea Dadge
677,Yellow-billed hornbill,677,Edee Mangin
678,Osprey,678,Rakel Cufley
679,"Eagle, tawny",679,Maxie Janas
680,"Chickadee, black-capped",680,Jody Reading
681,"Gull, dusky",681,Tommy Etty
682,"Tortoise, indian star",682,Christy Mocher
683,Ring dove,683,Merl Andrichuk
684,"Otter, giant",684,Nessi Siverns
685,"Shelduck, common",685,Katey Biddwell
686,Long-necked turtle,686,Katherine Bunten
687,Galapagos tortoise,687,Veronica Hallward
688,White-faced whistling duck,688,Kristian Rediers
689,American beaver,689,Stormi Follin
690,"Ferret, black-footed",690,Gwenette Treece
691,"Seal, northern fur",691,Merle Whitby
692,Ornate rock dragon,692,Leshia Yare
693,Lava gull,693,Susanne Kilby
694,Capybara,694,Sheba Ferrari
695,Flying fox (unidentified),695,Leodora Odell
696,Roseat flamingo,696,Garrard Mougel
697,European red squirrel,697,Rockey Warlow
698,"Lemur, sportive",698,Moselle Boots
699,Mountain duck,699,Laraine Kliche
700,"Robin, kalahari scrub",700,Correy Haugg
701,"Lourie, grey",701,Lona Ricardo
702,"Wolf, common",702,Otes Tippler
703,Ornate rock dragon,703,Leoline Sheers
704,Guerza,704,Hoyt Chittie
705,Southern boubou,705,Vicki Royl
706,"Wildebeest, blue",706,Quinta Siggens
707,Pied crow,707,Rosemonde Hammon
708,"Shrew, mandras tree",708,Brandy Teasdale-Markie
709,Striped skunk,709,Alidia Barends
710,"Screamer, southern",710,Mathias Dunbabin
711,Lava gull,711,Dalt Kavanagh
712,"Duck, comb",712,Alta Streetfield
713,Wild boar,713,Felipa Giannazzo
714,"Dove, laughing",714,De Edlyn
715,"Sheep, american bighorn",715,Beaufort Paskin
716,Red and blue macaw,716,Malcolm Andrysek
717,Gerenuk,717,Enrique Reary
718,Common wallaroo,718,Shelton Arkwright
719,Slender-billed cockatoo,719,Ann-marie Leipold
720,Cape wild cat,720,Maddie Cubbinelli
721,Crested barbet,721,Ferd Sponton
722,Long-billed corella,722,Kristien Congreave
723,"White-eye, cape",723,Willabella Hurring
724,Desert tortoise,724,Alic Seivwright
725,"Lemming, collared",725,Violet Stigell
726,Wild turkey,726,Jocelyne Bricknell
727,"Porcupine, north american",727,Ange Greenhalf
728,Sugar glider,728,Kathrine Alloisi
729,Peregrine falcon,729,Ibrahim Maypole
730,Flying fox (unidentified),730,Francis Eliff
731,"Constrictor, eastern boa",731,Chadd Witch
732,"Skunk, western spotted",732,Poul Surmeir
733,Boat-billed heron,733,Reider O'Corrin
734,Black-tailed prairie dog,734,Correna Heighway
735,"Sheathbill, snowy",735,Cristionna Veazey
736,White-winged dove,736,Lonnie Duthy
737,African clawless otter,737,Pearline Bascomb
738,Woylie,738,Laney Bruhnicke
739,Greater roadrunner,739,Lucinda Roelvink
740,Caribou,740,Hughie Petche
741,"Lion, steller's sea",741,Hugibert Burgwin
742,Tokay gecko,742,Gaylord George
743,Lesser flamingo,743,Teresina Ellul
744,Black-throated butcher bird,744,Viv Plumer
745,Crested screamer,745,Swen Panks
746,"Glider, sugar",746,Silvanus Mowett
747,Galapagos mockingbird,747,Hodge Seargeant
748,Long-necked turtle,748,Correy Mangan
749,South American sea lion,749,Rosalia Duff
750,"Jacana, african",750,May Tramel
751,Fringe-eared oryx,751,Arch Cooling
752,"Goose, spur-winged",752,Aile Cullington
753,"Otter, canadian river",753,Mattias Arpe
754,"Armadillo, giant",754,Gert Disdel
755,"Cliffchat, mocking",755,Renell Mahaddy
756,Australian pelican,756,Stella Roller
757,"Bison, american",757,Traver Bramwich
758,Tyrant flycatcher,758,Maurita Willshire
759,Kongoni,759,Nisse Casella
760,"Possum, ring-tailed",760,Martie Shakelade
761,Northern phalarope,761,Giles Clougher
762,"Starling, superb",762,Aleta Loughlan
763,Collared lizard,763,Blithe Johanssen
764,"Gecko, tokay",764,Shermy Heimann
765,"Cat, toddy",765,Philomena Dukes
766,Sambar,766,Osgood Eccles
767,Slender loris,767,Job Ferreras
768,"Tern, white-winged",768,Kip Bithell
769,"Crane, blue",769,Stoddard Rosoni
770,Wood pigeon,770,Davie Franzman
771,Roseate cockatoo,771,Ricardo Basterfield
772,"Beaver, european",772,Shepperd Anfusso
773,"Grouse, sage",773,Angelica Vigus
774,Red-billed tropic bird,774,Goldie Gilluley
775,"Racer, blue",775,Vick Lowe
776,Jabiru stork,776,Kipp Sarjant
777,"Cormorant, pied",777,Sarette Noble
778,Curve-billed thrasher,778,Staffard Lemar
779,"Magpie, australian",779,Atalanta Bastock
780,"Wallaby, red-necked",780,Jeffie Prawle
781,"Kangaroo, red",781,Goldy Wilcocks
782,"Bustard, kori",782,Constantino Eggleston
783,"Godwit, hudsonian",783,Auria Bolter
784,"Dolphin, bottle-nose",784,Homerus Andries
785,"Squirrel, pine",785,Laverna Critoph
786,Cougar,786,Sadie Maisey
787,Long-finned pilot whale,787,Analiese Audry
788,Desert kangaroo rat,788,Deerdre Knightly
789,"Francolin, swainson's",789,Megen Klossek
790,"Parrot, hawk-headed",790,Emmie Sapsforde
791,"Nuthatch, red-breasted",791,Garold Sissens
792,Beisa oryx,792,Bette-ann Guyonnet
793,Common boubou shrike,793,Kris Bullocke
794,Indian star tortoise,794,Beverie Sandilands
795,Australian spiny anteater,795,Felice Fairburne
796,Little blue penguin,796,Candide Ruegg
797,"Fox, pampa gray",797,Zeb Feldon
798,Purple grenadier,798,Christan Scrivener
799,Common wolf,799,Orel Ladbrook
800,"Elk, Wapiti",800,Josephina Semon
801,"Lizard, blue-tongued",801,Filia Klemps
802,"Pigeon, feral rock",802,Tessa Dyball
803,"Dove, galapagos",803,Levin Davitt
804,Two-toed sloth,804,Hannie Orrum
805,"Reedbuck, bohor",805,Faydra Kundert
806,"Hawk-eagle, crowned",806,Addison Treffry
807,Frilled lizard,807,Glynnis Jedrzejewsky
808,White-headed vulture,808,Franky Blanket
809,Musk ox,809,Shaine Peepall
810,"Armadillo, nine-banded",810,Alic Wareham
811,"Porcupine, african",811,Mitchel Varney
812,Herring gull,812,Jeno Bennetto
813,"Macaque, bonnet",813,Dennie Saggs
814,African snake (unidentified),814,Korry Schimann
815,Komodo dragon,815,Pepe Jubert
816,Violet-crested turaco,816,Paquito Estick
817,"Darter, african",817,Maryann Zelley
818,Giant armadillo,818,Husein Amsden
819,"Rat, white-faced tree",819,Tedd Scheffler
820,"Cat, cape wild",820,Luigi Hawksworth
821,Long-crested hawk eagle,821,Goldy Counter
822,"Owl, white-browed",822,Maisie Amor
823,"Parrot, hawk-headed",823,Les Shermore
824,"Snake, racer",824,Morgan Werndly
825,"Porcupine, tree",825,Colver Buttriss
826,Sportive lemur,826,Donalt Fanner
827,"Pie, rufous tree",827,Loise Goodere
828,"Francolin, swainson's",828,Gwyneth Becarra
829,"Bettong, brush-tailed",829,Gorden Kleinplatz
830,"Cockatoo, red-tailed",830,Mylo Ffoulkes
831,"Wallaby, bennett's",831,Liana Real
832,"Squirrel, european red",832,Brigitta Gritland
833,Manatee,833,Alyssa Millin
834,"Wombat, southern hairy-nosed",834,Sunshine Gencke
835,"Lark, horned",835,Emelia MacGahey
836,"Tapir, brazilian",836,Brandais Steynor
837,Killer whale,837,Hyman Goly
838,Tokay gecko,838,Bayard Dooher
839,Kongoni,839,Rodrick Balderson
840,"Pintail, white-cheeked",840,Felic Dusting
841,"Jackal, golden",841,Friedrick Fernie
842,Caribou,842,Adah Stearne
843,Blue and yellow macaw,843,Alexandra Jannaway
844,"Shrike, southern white-crowned",844,Wendell Kersley
845,White-cheeked pintail,845,Addy McLaren
846,Radiated tortoise,846,Page Sydall
847,Russian dragonfly,847,Ernie Gurley
848,Feral rock pigeon,848,Garik Goodrick
849,"Vulture, egyptian",849,Gayla Quenell
850,Crab-eating raccoon,850,Phil Andriss
851,African wild cat,851,Stanley Fernier
852,Puma,852,Deeyn Muller
853,Bird (unidentified),853,Sherry Tombling
854,Snowy sheathbill,854,Fielding Aldwinckle
855,White-rumped vulture,855,Madelene Reyna
856,Goliath heron,856,Margarita Ladon
857,"Fox, blue",857,Merle Plaide
858,Pale-throated three-toed sloth,858,Webb Dowd
859,Numbat,859,Corey Pietrowski
860,Tasmanian devil,860,Kerrill McPhillips
861,Whip-tailed wallaby,861,Gherardo Jirak
862,"Booby, blue-footed",862,Finn Gowthrop
863,"Camel, dromedary",863,Karen O' Bee
864,"Possum, pygmy",864,Darnall Sillwood
865,Kaffir cat,865,Lorri Gianneschi
866,Cougar,866,Lina Sarfas
867,American marten,867,Bing Gioan
868,"Monitor, water",868,Goddard Koppelmann
869,Kalahari scrub robin,869,Lefty Swine
870,"Wallaby, tammar",870,Tierney Bavridge
871,"Cormorant, little",871,Gayelord Chaulk
872,Giant anteater,872,Georgianna McBain
873,North American river otter,873,Rodolph Orniz
874,"Lizard, goanna",874,Kaiser Rantoull
875,Greater blue-eared starling,875,Janine Dinzey
876,Chilean flamingo,876,Darby Pearman
877,"Cow, scottish highland",877,Katy Creane
878,"Skink, african",878,Zerk Officer
879,Coqui partridge,879,Merrill Dummer
880,African jacana,880,Elayne Brinklow
881,"Rhinoceros, black",881,Sofie Suart
882,"Squirrel, palm",882,Orsa Danielkiewicz
883,Topi,883,Hermine Norgan
884,Civet cat,884,Loella Bowfin
885,African fish eagle,885,Shannon Cullivan
886,Leopard,886,Darn Baldam
887,"Baboon, chacma",887,Chrissie Gozzett
888,Brown and yellow marshbird,888,Evita Morkham
889,"Deer, red",889,Lynn Goldstraw
890,Aardwolf,890,Billi Stobo
891,"Capuchin, weeper",891,Umeko Gallaccio
892,North American porcupine,892,Hardy Glendenning
893,Thomson's gazelle,893,Traver Whightman
894,"Starling, cape",894,Marsha Crickmoor
895,"Whale, baleen",895,Kory Jesteco
896,Gerenuk,896,Rheta Swatland
897,"Gazer, sun",897,Thorpe Cleworth
898,"Wallaby, agile",898,Kelsy Kelson
899,Pampa gray fox,899,Harvey Blowers
900,Common eland,900,Ken Keuneke
901,Ground legaan,901,Bunni Isoldi
902,"Gecko, ring-tailed",902,Dody Castagnier
903,Oriental white-backed vulture,903,Brianne Doucette
904,White-tailed deer,904,Karna Clapison
905,Little brown bat,905,Gearalt Ells
906,"Antelope, four-horned",906,Putnem Chsteney
907,Hudsonian godwit,907,Cookie Gapp
908,Woodrat (unidentified),908,Vittoria Warner
909,"Woodpecker, downy",909,Isabelle Patrono
910,Sage grouse,910,Benson Petruszka
911,Crested screamer,911,Mada Scully
912,Least chipmunk,912,Velma Mussalli
913,Two-banded monitor,913,Dmitri Firk
914,African jacana,914,Bert Ozanne
915,"Egret, snowy",915,Evangelina Arend
916,Magnificent frigate bird,916,Cecile Bewlie
917,Anaconda (unidentified),917,Veradis Skipp
918,Two-toed tree sloth,918,Genovera Tunuy
919,Eastern boa constrictor,919,Dukie Bernt
920,"Weaver, sociable",920,Eb Chichgar
921,Jungle cat,921,Dario Lang
922,"Dove, emerald-spotted wood",922,Garrot Boskell
923,"Cormorant, flightless",923,Valenka Hasselby
924,Savannah deer,924,Prince Stood
925,Southern sea lion,925,Carrissa Motton
926,"Porcupine, indian",926,Dareen Huson
927,Greater kudu,927,Jamie Vicent
928,Kelp gull,928,Doralia Seers
929,"Hedgehog, south african",929,Bronnie Brinson
930,"Phalarope, red",930,Reynold Aleshkov
931,"Swan, black",931,Kingsley Portinari
932,"Owl, australian masked",932,Igor Sutehall
933,"Tapir, brazilian",933,Knox Pettican
934,Urial,934,Pietro Dautry
935,American badger,935,Jacinta Ferronet
936,Agile wallaby,936,Abagael Bolmann
937,"Sparrow, house",937,Rosalie Winfred
938,Painted stork,938,Morgan Corriea
939,Frog (unidentified),939,Mandel Mathan
940,"Cormorant, pied",940,Vilma Delepine
941,"Tern, white-winged",941,Joe Beste
942,"Lapwing, southern",942,Pearline Radbourne
943,Hawk-headed parrot,943,Arv Diaper
944,"Skink, blue-tongued",944,Nanete Mathonnet
945,Crown of thorns starfish,945,Dottie Souley
946,Saddle-billed stork,946,Winnifred Tipperton
947,"Buffalo, asian water",947,Warner D'Aubney
948,"Elephant, asian",948,Ignazio Banting
949,Gelada baboon,949,Patrica Dani
950,Yellow-billed stork,950,Erin Heaney
951,American crow,951,Birk Oleksinski
952,"Nighthawk, common",952,Sybyl Vant
953,Moose,953,Merry Brundrett
954,"Kingfisher, white-throated",954,Lazar Lusgdin
955,Asian foreset tortoise,955,Padget Staries
956,"Goose, egyptian",956,Penni Aikenhead
957,Long-finned pilot whale,957,Wilone Annets
958,"Rhea, greater",958,Jody Alabastar
959,"Shrike, common boubou",959,Gwen Narducci
960,"Frogmouth, tawny",960,Honor Seelbach
961,"Duck, mountain",961,Farly Purkins
962,Carpet snake,962,Annadiana Bastie
963,"Goose, andean",963,Sanderson MacRanald
964,"Capuchin, black-capped",964,Dody Bretton
965,"Gecko, bent-toed",965,Bartlet Hynson
966,"Cormorant, king",966,Irena Meechan
967,"Deer, barasingha",967,Nissie McGarahan
968,Woylie,968,Lolita Driffill
969,"Cardinal, black-throated",969,Ed Antrack
970,Magnificent frigate bird,970,Dynah Adamou
971,"Monkey, black spider",971,Morrie Zolini
972,"Crab, sally lightfoot",972,Darcy Danbi
973,"Porcupine, prehensile-tailed",973,Kira Garlicke
974,"Iguana, common green",974,Booth Budding
975,"Mongoose, banded",975,Stefania Turvey
976,White-winged black tern,976,Yevette De Fries
977,Gila monster,977,Farleigh Peto
978,Frilled lizard,978,Gasparo Issacof
979,"Lizard, mexican beaded",979,Hallsy Garahan
980,"Monkey, black spider",980,Fabien Anand
981,Western spotted skunk,981,Hunfredo MacSwayde
982,Cape Barren goose,982,Sigrid Stayte
983,"Fox, grey",983,Violetta Capin
984,Saddle-billed stork,984,Elfrida Duligall
985,"Hyena, spotted",985,Britt Cancott
986,"Sparrow, rufous-collared",986,Richmound Chaldecott
987,"Tinamou, elegant crested",987,Aggi Gallon
988,Bonnet macaque,988,Letty Swains
989,"Grouse, greater sage",989,Claus Smitherman
990,Galapagos albatross,990,Bill Ugo
991,Common wallaroo,991,Ernaline Piniur
992,"Stilt, black-winged",992,Clarabelle Kirkby
993,"Dove, emerald-spotted wood",993,Maximilien Dumigan
994,Madagascar fruit bat,994,Courtney Houtby
995,"Bustard, stanley",995,Nellie Kelshaw
996,"Crow, house",996,Spencer Foyle
997,"Quoll, spotted-tailed",997,Kori Fobidge
998,"Porcupine, tree",998,Kermit Parsonage
999,Common turkey,999,Brucie Florentine
1000,Killer whale,1000,Roanna Iannini
